timestamp,sex,age,job,background,agency_know,agency_view,past_views,frequency,porpose,companion,motivation,info_path,chap1_favor,chap1_reason,chap2_favor,chap2_reason,chap3_favor,chap31_reason,tot_satisfy,sat_point,sat_storytell,sat_mapping,sat_oled,sat_emotion,sat_conven,sat_safety,fat_move,fat_dense,fat_tech,emotion,immersion,complement,revisit,recommend,covid_after,reserve,covid_effect,covid_freq,share,share_method,text
2020. 11. 3 오전 11:44:21,0,0,0,0,0,0,내 이름은 빨강머리 앤,0,0,0,0,0,0,0,0,0,0,0,1,0,1,1,1,1.0,3,3,3,4,4,0,0,0,0,0,0,0,0,3,0,0,
2020. 11. 3 오전 11:53:56,0,0,0,0,0,1,,0,1,1,0,1,1,1,1,1,1,1,1,0,1,1,1,1.0,1,1,1,1,1,1,1,1,1,0,0,0,0,4,0,1,
2020. 11. 3 오전 11:55:23,0,0,0,0,0,1,,1,2,1,1,0,1,1,2,2,1,2,1,1,1,3,2,1.0,1,1,1,1,1,1,1,1,1,0,0,1,0,5,0,2,
2020. 11. 3 오전 11:58:44,0,1,1,1,0,1,,0,0,2,2,2,2,1,3,3,0,3,5,2,5,5,5,4.0,4,4,1,1,1,1,1,2,0,0,0,0,0,3,0,3,
2020. 11. 3 오전 11:59:12,0,2,0,0,1,1,,1,1,2,3,2,1,1,3,0,1,4,1,2,1,1,1,2.0,2,1,2,1,2,2,2,3,0,0,0,0,1,3,0,2,귀여운 세포를 볼 수 있어서 좋았다.
2020. 11. 3 오후 12:17:02,0,0,0,0,0,1,,1,1,3,3,2,2,2,0,4,1,4,1,1,1,2,2,3.0,1,1,1,1,2,2,0,2,0,0,0,0,1,4,0,1,
2020. 11. 3 오후 12:21:07,0,1,1,0,0,1,,0,0,4,3,0,2,1,3,5,1,5,1,2,1,1,1,2.0,5,4,4,2,2,1,3,4,0,0,0,0,0,5,0,1,
2020. 11. 3 오후 12:29:05,0,2,0,1,1,1,,2,0,2,3,2,2,2,0,0,1,6,1,2,1,2,1,1.0,2,1,1,1,1,3,3,2,0,0,0,0,1,4,0,0,유미의 세포들을 매우 좋아하는데 전시회로 감상해서 너무 좋았다 
2020. 11. 3 오후 12:33:50,0,1,1,1,0,0,클림트 인사이드,0,2,2,1,0,2,3,3,5,1,1,4,3,4,1,1,1.0,3,4,1,1,1,1,2,2,0,0,0,0,0,5,0,1,좋은 추억으로 남았습니다
2020. 11. 3 오후 12:54:28,0,0,2,1,1,0,"내 이름은 빨강머리 앤, 반 고흐 인사이드, 클림트 인사이드, 반 고흐 : 10년의 기록 展, 반 고흐 미디어아트 : Very Yellow, Very Bright",0,3,0,3,1,0,2,3,4,1,6,4,2,4,5,4,4.0,5,4,3,1,3,1,4,4,0,0,0,0,0,5,0,0,
2020. 11. 3 오후 12:59:30,0,0,2,0,1,1,,1,0,1,3,0,1,1,1,4,1,1,1,1,1,2,2,1.0,1,1,2,1,1,1,1,2,0,0,0,0,1,3,0,1,오랜만에 싱그러움을 느낄 수 있어 좋았습니다. 감사합니다. :)
2020. 11. 3 오후 1:02:46,0,3,2,1,0,1,,0,0,3,3,2,0,3,3,5,2,4,1,1,1,1,2,1.0,1,2,1,1,2,3,2,1,0,0,0,0,1,4,0,3,
2020. 11. 3 오후 1:09:58,0,0,3,2,1,0,"신인상모네 : 시광영적예술전, 반 고흐 : 10년의 기록 展",0,0,1,3,2,2,4,3,4,1,1,1,0,1,1,1,1.0,1,1,1,1,1,1,3,2,0,0,0,0,0,5,0,0,잘봤어요
2020. 11. 3 오후 1:15:21,0,0,2,1,1,1,,3,1,1,3,1,2,4,3,4,1,6,1,1,1,1,1,1.0,1,1,1,1,1,1,2,3,0,0,0,0,0,1,0,2,
2020. 11. 3 오후 1:20:31,0,0,0,0,0,1,,1,0,3,3,0,1,3,0,2,1,1,4,2,5,3,5,2.0,5,5,3,1,1,1,3,2,1,0,0,0,1,4,0,0,
2020. 11. 3 오후 1:59:23,0,0,4,1,1,1,,1,0,1,3,2,0,3,0,6,1,6,1,1,1,2,1,1.0,1,2,1,2,1,2,2,1,0,0,0,0,0,5,0,1,귀여워서 행복했어요:)!
2020. 11. 3 오후 2:03:12,0,0,3,1,0,1,,0,2,1,3,1,1,1,1,2,2,4,1,4,1,1,1,1.0,3,1,1,1,1,3,3,0,0,0,0,0,1,4,0,1,
2020. 11. 3 오후 2:06:26,0,0,0,0,0,0,반 고흐 인사이드,1,4,1,2,3,2,0,0,4,1,2,3,5,2,3,5,5.0,5,5,2,3,3,2,4,4,0,0,0,0,0,2,1,4,
2020. 11. 3 오후 2:16:22,0,2,0,0,0,1,,0,1,5,3,1,2,2,0,4,1,3,1,0,1,1,1,1.0,5,1,1,1,1,0,3,0,0,0,0,0,1,1,0,4,"쟈미있었디
"
2020. 11. 3 오후 2:20:48,0,2,0,1,0,1,,0,0,5,3,4,3,5,4,6,1,4,1,3,1,1,1,1.0,1,1,1,1,1,3,3,3,0,0,0,0,1,1,0,5,울컥하네요ㅠㅠ
2020. 11. 3 오후 2:43:32,0,0,0,1,1,1,,2,1,4,0,2,2,4,4,2,2,1,4,6,4,3,4,3.0,4,4,2,3,3,1,0,1,0,0,0,0,1,2,0,5,
2020. 11. 3 오후 3:17:10,0,0,0,1,0,1,,0,1,3,3,2,0,1,0,6,1,0,1,2,1,1,1,1.0,1,1,1,3,1,2,3,2,0,0,0,0,0,4,0,1,
2020. 11. 3 오후 3:35:20,1,0,2,0,0,1,,1,1,1,3,0,2,4,1,2,0,1,1,3,1,2,1,2.0,2,1,3,3,3,1,1,1,0,0,0,0,0,3,0,1,또 해주세요
2020. 11. 3 오후 3:37:48,0,0,2,2,1,1,,0,0,4,0,2,2,0,0,5,0,1,5,2,5,1,1,3.0,5,5,2,1,2,1,2,3,0,0,0,0,0,5,0,1,
2020. 11. 3 오후 3:41:25,0,0,0,1,0,1,,1,0,1,0,1,2,0,1,0,1,4,4,3,4,2,4,3.0,4,4,2,2,2,1,0,2,0,0,0,0,0,4,0,5,조아요
2020. 11. 3 오후 3:42:15,0,0,0,0,0,1,,0,1,1,3,1,3,6,0,2,1,5,4,2,4,2,5,5.0,4,4,1,1,1,2,5,2,1,0,0,0,1,4,0,1,
2020. 11. 3 오후 3:45:44,0,0,0,1,0,1,,0,0,1,3,5,3,3,0,2,1,6,3,1,4,2,4,4.0,5,4,3,3,2,0,3,3,1,0,0,0,0,4,0,5,Good
2020. 11. 3 오후 3:53:53,1,3,2,1,0,1,,0,1,3,3,2,3,3,3,5,1,1,5,0,1,1,1,5.0,3,1,1,1,2,2,3,5,0,0,0,0,0,4,0,2,
2020. 11. 3 오후 4:11:43,0,2,0,0,0,1,,1,0,1,0,0,2,1,3,4,0,2,1,2,1,2,2,2.0,2,2,2,2,2,1,5,0,0,0,0,0,0,4,0,2,
2020. 11. 3 오후 4:16:31,0,0,0,2,0,1,,0,1,3,3,1,0,0,0,2,1,2,1,1,1,4,1,1.0,1,1,3,1,1,3,1,3,1,0,0,1,1,5,0,5,
2020. 11. 3 오후 4:18:24,1,0,0,1,0,1,,1,2,3,0,0,2,0,1,0,1,1,1,1,3,3,1,2.0,2,2,2,4,3,2,1,3,1,0,0,1,0,5,0,3,
2020. 11. 3 오후 4:23:49,0,0,2,2,0,1,,0,0,0,3,0,0,5,0,2,0,1,5,1,4,5,5,4.0,5,5,4,4,5,2,1,6,1,0,0,0,1,4,0,1,
2020. 11. 3 오후 4:27:58,0,0,0,0,0,1,,3,1,1,3,0,0,1,3,1,1,1,1,1,1,1,1,1.0,1,1,2,3,1,1,6,1,0,0,0,0,0,5,0,1,
2020. 11. 3 오후 4:28:35,0,0,0,1,0,1,,0,1,1,3,6,2,2,3,1,1,1,1,2,5,1,1,1.0,1,1,1,1,1,3,3,4,0,0,0,1,1,4,0,3,
2020. 11. 3 오후 4:30:53,0,0,4,1,0,1,,2,0,1,3,1,0,3,3,0,0,0,1,2,1,1,1,1.0,1,1,1,2,3,1,3,3,1,0,0,0,0,4,0,1,
2020. 11. 3 오후 4:39:33,1,0,0,1,1,1,,2,2,1,3,2,3,4,3,0,1,6,1,2,1,1,1,2.0,1,1,2,1,1,3,2,2,0,0,0,0,0,4,0,0,♥♥♥♥♥♥♥♥♥♥♥♥♥♥♥♥♥♥♥♥♥♥♥♥♥♥♥♥♥♥♥♥♥
2020. 11. 3 오후 4:44:48,0,0,3,1,0,1,,1,3,3,3,6,3,1,3,4,0,0,1,2,1,1,1,2.0,1,1,1,1,1,2,1,2,0,0,0,0,1,3,0,1,
2020. 11. 3 오후 4:52:11,1,0,0,1,0,1,,0,1,0,3,2,3,4,3,4,2,7,5,2,1,1,2,1.0,1,1,1,1,1,1,2,4,0,0,0,0,1,2,0,1,좋아하던 웹툰의 마지막을 이렇게 함께해서 좋았다
2020. 11. 3 오후 5:03:32,0,0,3,0,0,1,,1,1,3,3,2,3,4,0,6,1,2,1,4,1,1,1,1.0,1,1,2,1,1,2,2,1,0,0,0,0,0,4,0,0,생각했던것보다 크고 잘 되있으며 체험할게 많아서 더 좋았어요:)
2020. 11. 3 오후 5:08:14,1,0,0,1,1,1,,0,2,3,3,2,0,3,1,1,0,0,1,6,1,2,1,2.0,2,1,2,2,2,3,3,1,0,0,0,0,1,4,0,0,너무 재밌었습니다
2020. 11. 3 오후 5:15:36,0,0,0,0,0,1,,1,0,3,4,2,2,5,0,6,1,0,1,2,1,1,1,1.0,1,2,1,1,1,1,2,1,1,0,0,0,1,5,0,1,감동
2020. 11. 3 오후 5:32:52,1,0,0,1,0,1,,0,1,3,3,2,2,3,3,4,0,1,1,2,1,1,1,1.0,1,1,2,1,1,1,4,5,0,0,0,1,1,3,0,0,
2020. 11. 3 오후 5:35:48,0,0,3,1,0,1,,0,2,1,3,2,2,4,3,0,1,1,4,1,5,5,5,4.0,4,4,3,1,2,2,0,2,1,0,0,0,0,4,0,3,
2020. 11. 3 오후 5:37:58,0,0,3,1,1,1,,0,2,2,3,2,0,6,3,0,2,5,2,0,2,1,2,2.0,2,2,2,2,2,0,1,2,0,0,0,0,0,4,0,0,
2020. 11. 3 오후 5:41:24,0,0,0,1,0,1,,0,1,1,3,2,0,0,1,0,0,1,5,2,5,5,5,5.0,5,5,2,1,2,1,1,2,0,0,0,0,1,4,0,1,
2020. 11. 3 오후 5:42:29,0,0,0,1,0,1,,0,0,2,3,2,3,5,1,1,1,0,2,2,2,1,1,2.0,1,1,1,1,1,1,3,0,1,0,0,0,1,4,0,1,유미야 사랑해
2020. 11. 3 오후 5:42:54,0,0,0,0,0,1,,2,0,3,5,7,3,0,4,2,0,5,2,1,2,2,2,2.0,2,2,2,2,2,4,6,6,0,0,0,0,0,2,0,5,
2020. 11. 3 오후 5:49:35,0,0,0,0,0,1,,1,1,1,3,0,3,0,1,2,2,1,1,6,1,1,1,1.0,1,1,1,1,1,2,2,4,1,0,0,0,1,4,0,1,웹툰 안에 있는 느낌이라 즐거웠어요
2020. 11. 3 오후 5:57:34,0,0,0,1,0,1,,2,0,3,3,2,0,2,0,3,1,2,1,1,1,1,1,1.0,3,1,3,4,4,3,0,6,0,0,0,0,1,5,0,0,쟈밋어요!!
2020. 11. 3 오후 6:05:44,1,0,0,0,0,1,,0,0,1,3,1,2,3,0,0,1,0,5,6,5,5,5,5.0,5,5,5,5,5,1,0,1,0,0,0,0,1,5,0,3,
2020. 11. 3 오후 6:06:38,0,0,0,1,1,1,,1,1,1,3,1,2,3,0,2,1,1,1,3,1,1,1,2.0,1,1,1,1,1,2,0,4,0,0,0,0,1,4,0,0,
2020. 11. 3 오후 6:08:42,0,0,0,1,0,1,,2,2,4,3,1,2,5,0,6,1,1,1,3,1,1,1,1.0,1,1,1,1,1,1,4,2,1,0,0,0,0,5,0,4,
2020. 11. 3 오후 6:08:57,0,3,0,0,0,1,,0,2,3,3,2,0,5,0,6,1,6,1,1,1,1,1,3.0,3,3,3,1,1,1,4,2,0,0,0,0,0,4,0,0,
2020. 11. 3 오후 6:12:08,0,0,2,0,1,1,,1,1,3,3,0,0,3,0,0,1,2,1,2,1,4,1,4.0,3,1,1,2,2,3,0,1,0,0,0,0,1,1,0,1,좋아요
2020. 11. 3 오후 6:13:51,1,0,0,0,0,1,,3,2,3,4,1,0,3,3,0,2,0,4,2,2,1,1,1.0,1,1,1,1,1,4,2,0,0,0,0,0,1,1,0,2,
2020. 11. 3 오후 6:17:51,0,0,0,0,0,1,,1,2,3,3,2,2,3,0,2,1,2,5,6,1,5,1,1.0,5,1,1,1,1,2,0,4,0,0,0,0,0,5,0,2,
2020. 11. 3 오후 6:31:44,0,0,0,1,0,1,,0,0,1,3,0,3,6,0,0,1,1,5,1,5,5,5,5.0,4,5,1,2,1,1,1,2,1,0,0,0,1,5,0,3,좋다
2020. 11. 3 오후 6:36:47,0,1,3,1,0,1,,0,0,2,2,1,3,4,3,0,0,6,1,1,1,1,2,2.0,3,1,1,2,1,1,2,2,1,0,0,0,1,4,0,0,재미있음
2020. 11. 3 오후 6:40:46,0,2,0,0,0,1,,0,4,2,3,0,3,4,0,0,1,1,5,1,5,5,5,5.0,5,5,1,1,1,0,1,2,0,0,0,0,1,2,0,1,재미있었어요
2020. 11. 3 오후 6:42:29,0,0,2,1,0,1,,1,0,3,3,8,3,4,0,2,1,5,1,6,1,1,1,1.0,1,1,1,1,1,0,2,5,0,0,0,0,1,5,0,1,정말 좋았어요.... 또 오고 싶을 정도로!!!!
2020. 11. 3 오후 6:42:41,1,0,2,0,0,1,,1,0,3,3,0,0,3,1,0,1,5,1,2,1,1,1,1.0,1,1,1,1,1,3,2,3,0,0,0,0,1,3,0,0,너무 재밌었어요^^
2020. 11. 3 오후 6:48:35,1,2,0,0,0,1,,1,2,1,0,1,3,0,0,0,0,0,1,0,1,1,1,1.0,1,1,3,3,3,3,0,1,1,1,0,0,1,1,0,2,
2020. 11. 3 오후 6:49:05,0,2,0,0,1,1,,0,1,1,3,2,0,3,4,1,0,1,1,2,1,1,1,1.0,1,1,1,1,1,2,3,1,0,0,0,0,1,2,0,0,웹툰을 좋아하는 저로써 너무 즐거운 추억이었습니다
2020. 11. 3 오후 6:53:14,0,0,0,1,0,1,,1,2,1,3,0,1,1,1,0,1,2,1,2,1,1,4,1.0,1,1,1,1,1,3,1,4,0,0,0,0,1,4,0,5,기대 이상으로 재미있었다. 내가 알지못했던 등장인물이나 웹툰의 전개를 알수있어서 너무 재미있었다.
2020. 11. 3 오후 6:53:59,0,0,0,0,0,1,,1,2,1,3,1,1,1,3,0,0,1,2,2,2,2,2,2.0,2,2,2,2,2,3,3,1,1,0,0,0,0,4,0,2,좋다
2020. 11. 3 오후 6:58:19,1,0,0,1,0,1,,2,2,1,0,0,3,1,1,1,1,3,1,2,1,1,1,1.0,1,1,1,1,1,0,3,5,0,0,0,0,0,1,0,3,
2020. 11. 4 오전 11:01:58,0,1,1,0,0,1,,1,2,1,3,2,0,1,3,1,1,3,2,2,2,1,2,2.0,2,2,2,2,1,1,6,1,1,0,0,0,1,2,0,3,
2020. 11. 4 오전 11:28:50,1,3,2,1,0,1,,0,1,3,3,2,2,3,0,1,1,1,5,2,5,5,5,4.0,5,5,1,1,1,4,3,4,1,0,0,0,0,5,0,1,
2020. 11. 4 오전 11:30:47,0,0,2,0,0,1,,1,0,3,3,2,0,1,1,1,1,3,1,1,1,1,1,1.0,1,1,1,1,1,1,3,1,0,0,0,0,0,5,0,0,
2020. 11. 4 오전 11:59:42,0,0,0,0,0,1,,1,0,1,3,1,3,4,3,0,1,4,1,1,1,1,1,1.0,1,1,1,1,1,2,2,1,1,0,0,0,0,5,0,0,너무 귀여워요!!!!!!!
2020. 11. 4 오후 12:02:08,0,0,0,2,0,0,"반 고흐 인사이드, 신인상모네 : 시광영적예술전, 반 고흐 : 10년의 기록 展",0,0,1,3,2,3,5,3,4,1,2,1,2,1,1,1,1.0,1,1,1,1,1,3,5,1,0,0,0,0,0,5,0,2,즐거웠어요 ㅎ
2020. 11. 4 오후 12:04:08,0,0,1,0,0,1,,0,1,3,0,0,2,4,3,6,0,6,1,1,1,1,1,,3,1,1,1,1,3,0,2,0,0,0,0,1,2,0,1,
2020. 11. 4 오후 12:13:34,0,0,0,2,0,1,,0,3,1,3,0,1,1,0,5,1,0,1,1,1,1,1,1.0,1,1,1,1,1,1,3,3,0,0,0,0,0,3,0,3,
2020. 11. 4 오후 12:17:42,0,0,0,0,0,1,,0,0,3,3,6,0,3,3,1,0,0,1,1,1,1,1,3.0,1,1,1,1,1,3,6,4,0,0,0,1,1,5,0,1,
2020. 11. 4 오후 12:21:18,1,0,4,0,0,1,,1,2,3,0,1,3,1,1,0,0,0,1,3,1,1,1,4.0,1,1,1,1,1,4,4,0,1,0,0,1,1,1,1,0,
2020. 11. 4 오후 12:24:17,0,0,0,1,1,1,,2,0,1,3,2,1,4,3,4,0,3,3,1,3,5,4,3.0,3,3,3,2,3,1,6,2,1,1,0,0,1,4,0,1,
2020. 11. 4 오후 12:29:18,0,0,4,1,0,1,,0,1,4,4,2,1,1,0,2,1,2,4,2,4,4,5,4.0,4,4,1,1,1,4,1,2,1,0,0,0,1,3,0,0,시각적으로 풍요로웠다
2020. 11. 4 오후 12:35:23,1,1,2,0,0,1,,0,0,2,0,1,0,2,3,4,0,2,1,3,1,1,1,1.0,1,1,1,1,1,1,3,2,0,0,0,0,0,5,0,2,재미있었어요
2020. 11. 4 오후 12:44:05,0,3,2,1,0,1,,0,1,5,2,2,0,3,3,4,0,1,1,2,5,5,4,5.0,2,2,1,1,1,1,3,1,0,0,0,0,0,4,0,0,
2020. 11. 4 오후 1:05:01,0,0,0,1,0,1,,0,0,1,3,0,3,5,3,4,1,6,1,1,1,1,2,2.0,3,2,2,1,1,2,3,5,1,0,0,0,1,5,0,1,
2020. 11. 4 오후 1:06:35,0,0,0,1,0,1,,0,2,1,4,1,0,3,1,0,1,5,1,2,1,2,1,2.0,1,1,2,1,1,2,1,1,1,0,0,0,1,4,0,1,
2020. 11. 4 오후 1:09:59,0,0,3,1,0,1,,1,1,1,3,2,1,2,1,5,1,6,1,1,1,1,1,1.0,1,1,1,1,1,2,1,4,0,0,0,0,0,4,0,1,사랑해요
2020. 11. 4 오후 1:10:43,0,0,3,2,0,1,,0,0,1,3,2,2,2,1,0,0,1,1,2,2,2,2,1.0,1,1,1,1,1,1,2,0,0,0,0,0,0,4,0,0,재밌었어요
2020. 11. 4 오후 1:25:29,0,2,0,1,0,1,,1,2,1,3,2,0,1,1,2,0,2,1,2,1,1,1,1.0,1,1,2,1,1,4,3,0,0,0,0,0,1,3,0,3,
2020. 11. 4 오후 1:27:02,0,2,0,1,0,1,,0,0,1,3,1,3,0,1,0,1,4,2,0,2,2,2,,3,2,4,2,4,3,3,2,0,0,0,0,0,4,0,0,
2020. 11. 4 오후 1:33:13,1,0,0,0,0,1,,0,1,0,3,2,1,1,1,5,0,0,4,2,1,3,4,2.0,4,4,2,1,1,0,3,4,0,0,0,1,1,3,0,1,"마지막까지 함께한 윰세 포에버
"
2020. 11. 4 오후 1:48:18,0,0,0,0,0,1,,0,0,1,3,0,2,0,3,0,0,0,1,2,1,1,1,1.0,1,1,2,1,1,1,5,4,1,0,0,0,1,3,0,2, 
2020. 11. 4 오후 1:49:05,0,0,0,0,0,1,,1,0,1,3,0,0,2,3,3,1,4,1,1,1,1,1,1.0,5,1,2,1,1,2,1,4,1,0,0,0,0,4,0,2,
2020. 11. 4 오후 2:07:41,0,0,0,1,0,1,,4,3,0,5,1,2,2,0,0,0,4,5,1,4,5,5,5.0,3,5,1,1,1,1,0,0,0,0,0,0,1,3,0,0,
2020. 11. 4 오후 2:19:41,0,0,2,0,0,1,,1,2,0,3,1,2,3,3,2,1,2,5,2,5,5,4,4.0,5,5,1,1,1,1,3,2,0,0,1,0,1,1,0,5,
2020. 11. 4 오후 2:19:54,1,3,2,1,0,1,,1,2,3,3,2,2,1,3,4,1,1,5,2,3,1,2,2.0,4,2,2,2,2,1,6,2,1,0,0,0,1,4,0,3,
2020. 11. 4 오후 2:41:06,1,3,3,0,0,1,,2,1,0,0,0,0,1,1,5,0,3,2,2,1,4,1,1.0,4,2,4,1,1,3,3,6,1,0,0,1,1,1,0,5,동선이 조금 불편 나머지는 거의 다 만족
2020. 11. 4 오후 3:01:08,1,3,2,0,1,1,,0,2,2,4,1,3,0,3,5,1,3,1,2,1,1,1,1.0,1,1,1,1,1,4,1,3,0,0,0,0,1,1,0,2,새롭디
2020. 11. 4 오후 3:01:16,0,3,1,0,0,1,,1,1,2,3,2,0,3,2,4,1,1,5,2,1,1,1,1.0,5,1,3,2,2,1,1,2,1,0,0,0,1,3,0,2,너무좋았어요 재밌었어요
2020. 11. 4 오후 3:05:45,0,1,1,0,1,0,반 고흐 인사이드,0,0,2,3,1,2,2,4,2,0,1,3,0,3,3,3,3.0,5,5,3,3,4,3,0,5,1,0,0,0,1,5,0,1,
2020. 11. 4 오후 3:06:05,0,2,0,1,1,0,반 고흐 인사이드,0,0,2,3,1,3,2,0,0,2,6,5,6,1,1,1,1.0,5,5,1,3,1,1,3,6,1,0,0,0,0,4,0,0,
2020. 11. 4 오후 3:30:50,0,0,2,0,0,1,,1,0,1,1,0,2,4,3,4,1,5,5,2,5,5,4,4.0,5,5,1,1,1,3,1,1,0,0,1,0,1,5,0,1,
2020. 11. 4 오후 3:34:51,0,0,0,1,0,1,,1,2,1,3,1,1,1,3,4,0,1,1,5,1,1,1,1.0,1,1,1,1,1,1,1,6,0,0,0,0,1,5,0,0,"스토리텔링과 구역 변별, 디스플레이 기법 등 전체적으로 너무 좋았습니다."
2020. 11. 4 오후 3:38:30,0,0,5,1,0,1,,1,0,1,3,0,2,3,3,5,1,1,4,1,4,5,4,4.0,4,5,2,1,4,1,1,1,1,0,0,1,1,4,0,1,즐거운 경험이었습니다
2020. 11. 4 오후 3:38:53,0,0,2,1,0,1,,0,2,1,0,0,0,3,0,2,1,5,4,1,4,5,4,2.0,4,4,1,1,1,4,4,1,1,0,1,1,1,5,0,0,좋아요
2020. 11. 4 오후 3:53:40,0,3,2,0,1,1,,1,2,2,3,1,0,4,3,0,1,1,5,2,1,1,1,1.0,1,1,1,1,1,1,3,4,0,0,0,1,0,5,0,1,
2020. 11. 4 오후 3:56:41,0,3,4,1,0,1,,0,0,2,0,2,0,1,3,4,1,1,1,1,1,1,1,1.0,1,1,1,3,1,2,1,4,0,0,0,0,0,5,0,0,굿
2020. 11. 4 오후 4:07:28,0,0,0,1,0,1,,0,1,3,3,0,2,2,3,6,0,2,4,2,4,4,4,4.0,4,4,3,3,3,0,3,2,0,0,0,0,0,5,0,1,유미야 행복해야 해 나도 행복할게 
2020. 11. 4 오후 4:08:36,0,0,0,0,1,1,,0,1,1,3,2,1,1,3,4,1,5,1,2,1,1,1,2.0,1,1,1,1,1,2,1,1,0,0,1,0,1,5,0,1,
2020. 11. 4 오후 4:09:14,0,0,0,0,0,1,,1,2,1,0,1,2,4,3,5,0,1,2,2,2,1,2,3.0,2,2,2,2,2,4,4,5,0,0,0,0,0,2,0,1,
2020. 11. 4 오후 4:15:10,0,0,0,1,0,1,,0,0,1,0,0,0,1,2,2,1,1,2,1,1,1,1,2.0,2,2,2,2,2,1,4,2,1,0,0,0,1,4,0,0,재밌었습니다
2020. 11. 4 오후 4:15:45,0,0,0,1,0,1,,0,2,1,3,2,0,3,3,4,1,5,4,1,5,4,5,5.0,5,5,1,2,1,3,3,2,0,0,0,0,1,4,0,3,다채로워서 좋았어요 콘텐츠가 좀 더 많았으면 좋겠어요
2020. 11. 4 오후 4:16:08,0,0,0,0,0,1,,1,2,1,0,2,3,6,3,0,1,1,1,2,1,1,4,1.0,1,1,2,2,2,2,1,2,0,0,0,0,1,3,0,0,유미가 진짜 어딘가 살아있는 사람인것 같다
2020. 11. 4 오후 4:32:05,0,0,4,1,0,1,,1,1,3,3,1,2,3,0,2,1,6,1,4,1,1,1,2.0,1,1,1,1,1,0,3,3,0,0,0,0,0,3,0,0,짱좋음><
2020. 11. 4 오후 4:32:39,0,0,0,1,0,1,,0,0,4,0,2,0,3,3,0,0,2,5,1,1,1,1,1.0,1,1,1,1,1,1,6,3,0,0,0,0,0,5,0,3,
2020. 11. 4 오후 4:32:45,1,0,0,1,0,1,,1,2,3,4,1,0,4,1,0,0,6,1,5,1,1,1,1.0,1,1,1,1,1,1,1,1,1,0,0,0,1,4,0,1,행복햇다
2020. 11. 4 오후 4:47:52,0,0,0,0,0,1,,1,1,1,4,2,2,3,3,4,1,6,1,2,1,1,1,1.0,1,1,1,1,1,2,3,2,0,0,1,0,1,4,0,1,"좋았어요! 무빙건최고
"
2020. 11. 4 오후 4:51:16,0,0,0,1,0,1,,1,1,1,3,2,2,1,3,4,2,6,1,2,1,1,2,2.0,1,1,1,1,1,3,1,4,0,0,0,0,1,1,0,1,
2020. 11. 4 오후 4:58:47,0,2,0,1,0,1,,1,2,2,3,1,0,1,4,1,1,2,1,1,1,1,1,1.0,1,1,1,1,1,0,3,3,0,0,0,1,0,1,0,3,
2020. 11. 4 오후 5:07:26,1,0,4,1,0,1,,0,2,3,1,1,1,1,3,3,1,5,4,4,4,5,4,3.0,4,4,1,3,1,1,5,2,0,0,0,0,1,5,0,5,
2020. 11. 4 오후 5:08:18,0,0,0,1,1,1,,1,2,1,3,0,3,4,0,2,0,3,2,2,2,1,1,1.0,2,1,2,2,2,2,4,2,0,0,0,0,1,3,0,3,
2020. 11. 4 오후 5:15:19,0,0,3,0,0,1,,0,2,1,0,2,2,4,0,2,0,1,4,1,4,4,5,5.0,5,5,5,5,5,0,3,1,1,0,0,0,0,5,0,2,
2020. 11. 4 오후 5:15:36,0,0,3,0,1,1,,0,0,1,0,2,3,4,3,4,0,2,4,1,4,5,4,5.0,4,4,3,3,2,1,2,2,0,0,0,0,1,5,0,3,
2020. 11. 4 오후 5:19:20,0,0,0,2,0,1,,0,0,1,3,0,0,2,0,0,1,6,1,1,1,1,1,1.0,5,1,1,1,1,1,1,4,0,0,0,0,0,3,0,1,
2020. 11. 4 오후 5:19:46,0,0,0,0,0,1,,0,2,1,3,1,1,1,3,0,2,2,3,7,3,4,3,3.0,3,3,3,3,3,3,3,1,0,0,0,0,1,3,0,4,
2020. 11. 4 오후 5:23:19,0,0,0,0,0,1,,1,2,1,3,0,0,2,3,4,0,1,1,1,1,1,1,1.0,1,1,1,1,1,1,2,1,1,0,0,0,0,5,0,1,너무귀여워요 작가님최고♥
2020. 11. 4 오후 5:23:46,0,0,0,0,0,1,,0,0,1,4,0,2,3,3,6,0,4,1,2,1,1,1,3.0,2,1,1,1,1,2,0,4,0,0,0,0,1,4,0,1,유미의 세포들 웹툰과 유미 인생을 다시 정주행하는 느낌이었어요
2020. 11. 4 오후 5:28:13,0,2,0,0,0,1,,0,0,1,3,2,0,6,0,2,2,2,1,2,1,1,1,1.0,1,1,2,2,2,1,2,2,0,0,0,0,1,5,0,1,
2020. 11. 4 오후 5:28:47,0,2,0,0,0,1,,0,2,1,3,2,3,4,0,6,1,2,1,7,1,1,1,1.0,4,1,1,1,1,1,5,6,0,0,0,0,1,4,0,1,
2020. 11. 4 오후 6:02:20,0,0,0,1,0,1,,0,0,1,3,0,0,4,3,4,0,1,1,2,2,1,1,1.0,1,1,1,1,1,1,5,6,1,0,0,0,0,4,0,1,
2020. 11. 4 오후 6:09:56,0,0,0,0,0,1,,0,1,1,0,2,3,6,0,2,1,1,1,1,1,1,1,1.0,4,1,2,2,2,1,3,2,0,0,0,0,0,4,0,1,너무 재밌었어요
2020. 11. 4 오후 6:12:48,0,0,0,0,1,1,,0,1,1,0,2,0,0,3,1,0,6,2,0,1,1,2,2.0,2,2,3,3,3,4,1,5,0,0,0,0,1,4,0,3,
2020. 11. 4 오후 6:15:02,0,0,0,0,1,1,,0,1,1,0,2,0,0,3,1,0,6,2,0,1,1,2,2.0,2,2,3,3,3,4,1,5,0,0,0,0,1,4,0,3,
2020. 11. 4 오후 6:17:40,0,0,0,0,0,1,,1,2,1,3,2,3,1,1,1,0,3,1,2,1,1,1,1.0,1,1,1,1,1,2,3,2,0,0,0,0,1,3,0,1,
2020. 11. 4 오후 6:18:29,0,0,0,0,0,1,,1,1,1,3,0,0,1,3,1,1,6,1,2,1,1,1,4.0,2,1,2,2,2,1,1,6,0,0,0,0,1,2,0,1,
2020. 11. 4 오후 6:18:55,0,0,0,0,0,1,,1,2,1,3,2,3,1,1,1,0,3,1,2,1,1,1,1.0,1,1,1,1,1,2,3,2,0,0,0,0,1,3,0,1,
2020. 11. 4 오후 6:21:27,0,0,0,0,0,1,,1,1,3,3,0,1,0,1,5,1,5,1,2,1,1,1,1.0,1,1,1,1,1,3,3,1,0,0,0,0,0,4,0,3,포토존이 다소 불편하여 아쉬웠다
2020. 11. 4 오후 6:21:56,1,0,0,0,0,1,,1,2,3,3,1,1,1,1,1,1,1,5,2,1,5,1,3.0,1,1,2,1,1,2,2,3,0,0,0,0,1,3,0,0,재밌었습니다
2020. 11. 5 오전 11:57:08,0,3,1,0,1,1,,1,2,1,3,1,2,0,4,2,2,8,2,2,4,4,3,3.0,4,4,2,1,2,1,3,2,0,0,0,0,1,4,0,5,좋앜ㅅ어요
2020. 11. 5 오전 11:59:43,0,0,2,2,1,1,,2,0,5,3,1,0,6,0,4,1,1,5,1,1,1,1,1.0,1,1,1,1,1,0,2,5,0,0,0,0,1,5,0,5,
2020. 11. 5 오후 12:16:23,0,0,2,1,0,1,,4,0,2,3,2,0,2,3,3,1,2,1,2,1,1,1,1.0,5,1,3,3,3,4,3,4,0,0,0,0,0,3,0,3,매우만족
2020. 11. 5 오후 1:06:24,0,2,0,0,0,1,,1,1,2,3,2,0,0,0,2,1,3,1,1,1,1,1,1.0,1,1,1,1,1,0,0,3,0,0,0,0,1,3,0,3,♥♥
2020. 11. 5 오후 1:44:53,0,0,0,0,1,1,,0,1,1,3,2,0,4,2,2,1,6,1,4,1,1,1,1.0,1,1,1,1,1,0,2,2,1,0,0,0,1,4,0,0,너무 재밌었습니다!
2020. 11. 5 오후 1:46:33,0,0,0,0,1,1,,0,2,1,3,1,0,2,0,2,0,6,5,4,5,5,5,5.0,5,5,2,1,1,1,3,0,0,0,0,0,1,4,0,1,좋아요
2020. 11. 5 오후 2:02:59,0,0,0,0,0,1,,3,2,2,3,0,0,4,3,5,1,1,1,1,1,1,2,1.0,1,1,1,1,1,1,0,1,1,0,0,0,1,3,0,0,
2020. 11. 5 오후 2:09:09,0,0,0,0,0,1,,1,0,1,0,0,0,0,3,0,1,2,1,0,1,1,2,1.0,1,1,1,1,1,1,0,6,1,0,0,0,1,3,0,0,좋아요!!
2020. 11. 5 오후 3:00:28,0,0,2,1,0,1,,2,1,1,3,0,0,4,3,5,1,1,1,2,1,1,3,2.0,2,2,1,2,3,2,1,2,1,0,0,0,0,4,0,1,"너무 재밌어요 웹툰 안 끝났으면 좋겠어요
"
2020. 11. 5 오후 3:15:45,0,0,0,1,1,1,,1,1,1,0,1,3,3,4,0,0,3,1,1,1,1,1,1.0,1,1,1,1,1,0,3,0,0,0,0,0,0,5,0,3,굿
2020. 11. 5 오후 3:18:41,0,2,0,1,0,1,,1,2,1,3,1,3,1,4,1,0,3,1,6,1,1,1,1.0,1,1,1,1,1,0,3,0,0,0,0,1,0,3,0,2,재밌었어요
2020. 11. 5 오후 3:20:45,0,2,0,0,1,1,,3,2,4,3,1,0,0,0,6,0,5,1,2,1,1,1,1.0,1,1,1,1,1,3,3,2,0,0,0,0,0,1,0,2,굿
2020. 11. 5 오후 3:38:57,0,0,2,0,0,1,,2,0,4,3,2,3,6,0,5,1,5,1,2,1,1,1,2.0,4,1,2,2,2,1,6,5,1,0,0,0,1,4,0,0,
2020. 11. 5 오후 3:44:53,0,1,1,1,0,1,,2,0,2,4,0,2,0,0,6,1,3,1,2,1,2,1,3.0,2,2,1,3,1,1,4,6,0,0,0,0,1,4,0,3,
2020. 11. 5 오후 3:52:31,0,0,2,0,0,1,,0,1,3,3,1,0,2,3,4,2,1,5,2,5,5,5,5.0,4,4,4,3,2,1,5,0,0,0,0,0,1,5,0,2,
2020. 11. 5 오후 4:00:20,0,0,0,1,0,1,,0,2,1,3,0,0,1,0,3,0,6,2,2,2,2,1,2.0,2,2,1,1,1,2,1,2,1,0,0,0,1,3,0,1,재미있었어요~
2020. 11. 5 오후 4:14:37,0,0,2,1,0,1,,0,0,1,3,1,0,2,3,0,1,1,1,2,1,1,1,1.0,5,1,2,1,1,1,4,4,1,0,0,0,0,4,0,2,정말 좋았다 행복하다
2020. 11. 5 오후 4:22:35,0,0,0,0,0,1,,1,2,1,3,0,0,2,3,5,1,0,5,2,1,1,1,1.0,1,1,1,3,1,1,4,2,1,0,0,0,1,4,0,0,너무 좋았습니다
2020. 11. 5 오후 4:26:35,0,0,0,2,0,1,,0,0,1,3,1,0,3,3,0,1,1,4,2,4,5,4,4.0,4,4,2,3,1,1,3,4,0,0,0,0,0,4,0,0,유미 무죄
2020. 11. 5 오후 4:32:25,0,0,2,0,0,1,,0,1,3,0,2,3,0,0,1,0,3,1,2,1,1,1,1.0,1,1,1,1,1,0,3,0,0,0,0,0,0,4,0,5,
2020. 11. 5 오후 4:36:01,1,3,4,1,0,1,,0,1,3,3,1,3,5,0,6,0,1,1,1,1,4,1,1.0,1,1,3,1,1,1,1,1,1,0,0,0,1,4,0,3,
2020. 11. 5 오후 4:43:55,0,0,0,1,0,1,,0,2,1,3,0,0,1,1,0,1,5,2,6,2,1,2,2.0,3,2,3,3,3,3,5,0,0,0,0,0,1,3,0,5,
2020. 11. 5 오후 4:49:03,0,0,0,1,0,0,반 고흐 : 10년의 기록 展,0,1,1,3,1,3,4,3,0,0,1,1,2,1,1,1,3.0,2,2,1,1,1,1,3,4,1,0,0,0,1,4,0,1,좋은 경험이었다
2020. 11. 5 오후 4:53:24,0,0,2,1,0,1,,2,0,3,3,2,0,0,3,4,1,1,1,2,1,1,1,1.0,2,2,3,4,2,3,1,4,0,0,0,1,0,5,0,0,
2020. 11. 5 오후 4:56:22,0,0,0,0,0,1,,1,2,1,0,0,2,2,4,2,1,1,2,3,1,1,1,1.0,1,1,5,5,5,4,6,6,0,0,0,0,0,5,0,1,굳
2020. 11. 5 오후 5:08:30,0,0,0,1,0,1,,0,2,1,3,0,0,1,3,0,1,0,1,1,1,1,1,2.0,1,1,1,2,2,2,3,2,0,0,0,0,0,2,0,1,
2020. 11. 5 오후 5:10:20,0,0,0,1,0,1,,0,2,1,3,0,0,1,3,0,1,6,1,2,1,1,1,1.0,5,1,1,1,1,0,3,2,0,0,0,0,0,4,0,0,
2020. 11. 5 오후 5:16:57,0,0,2,0,0,1,,0,2,1,0,2,0,1,1,1,1,2,4,2,1,2,1,3.0,2,1,2,2,2,0,3,1,0,0,0,0,0,4,0,3,좋아요
2020. 11. 5 오후 5:20:46,0,0,0,1,0,1,,0,3,1,0,2,2,0,3,0,0,2,1,4,1,1,1,1.0,1,1,1,1,1,0,3,3,0,0,1,0,1,1,0,3,
2020. 11. 5 오후 5:25:17,0,0,0,0,0,1,,3,2,1,3,2,0,1,1,1,1,3,1,2,1,2,1,1.0,3,5,1,1,1,1,3,0,0,0,0,0,1,5,0,0,
2020. 11. 5 오후 5:26:08,0,0,0,0,0,1,,0,1,4,0,0,0,3,0,0,1,1,5,2,1,1,1,1.0,1,1,1,1,1,3,3,2,0,0,0,0,0,5,0,3,
2020. 11. 5 오후 5:27:29,0,0,0,0,0,1,,0,2,1,3,2,0,4,0,0,1,0,5,1,1,3,1,1.0,3,3,1,1,1,1,5,6,0,0,0,0,0,3,0,0,
2020. 11. 5 오후 5:28:20,0,0,0,1,0,1,,0,1,1,3,2,3,4,3,4,0,1,3,7,4,4,4,4.0,4,4,4,4,4,3,4,4,0,0,0,0,0,3,0,1,
2020. 11. 5 오후 5:29:26,0,0,0,1,0,1,,1,1,4,3,1,0,2,3,5,2,5,5,2,5,5,5,5.0,5,5,1,1,1,1,5,2,1,0,0,0,1,3,0,0,
2020. 11. 5 오후 5:30:57,0,0,0,0,0,1,,0,2,1,3,2,0,1,0,5,1,2,1,2,1,1,1,1.0,1,1,3,1,1,3,3,0,0,0,0,0,0,5,0,3,유미 최고
2020. 11. 5 오후 5:32:43,0,0,0,1,1,1,,2,0,2,3,0,0,3,0,5,1,5,2,7,2,1,1,1.0,2,2,3,4,1,0,3,2,0,0,0,0,0,4,0,1,
2020. 11. 5 오후 5:34:30,0,0,2,0,0,1,,0,0,0,3,2,0,3,3,4,2,4,1,6,1,1,1,1.0,1,1,1,1,1,0,5,3,0,0,0,0,0,5,0,1,무빙건사랑해
2020. 11. 5 오후 5:35:45,0,0,0,1,1,1,,0,0,3,3,2,0,0,1,5,0,2,1,1,1,1,1,1.0,1,1,3,4,3,1,3,2,0,0,0,0,0,4,0,2,
2020. 11. 5 오후 5:37:45,1,0,0,1,0,1,,0,2,3,0,1,0,6,1,1,1,5,1,2,1,1,1,1.0,3,1,4,4,2,0,3,3,1,0,0,0,1,5,0,2,
2020. 11. 5 오후 6:02:25,0,3,2,1,0,1,,2,0,0,4,9,2,2,3,5,0,1,4,1,2,1,1,1.0,2,2,2,1,1,0,3,4,0,0,0,0,1,5,0,0,좋았어요
2020. 11. 5 오후 6:05:36,0,0,2,1,0,1,,2,0,4,3,0,3,4,0,4,0,0,2,7,1,2,1,2.0,1,1,2,2,2,1,2,5,0,0,0,0,0,4,0,1,굿
2020. 11. 5 오후 6:08:35,0,0,0,1,0,1,,2,0,2,3,0,0,3,0,6,0,2,5,4,1,1,1,1.0,3,1,3,3,1,1,3,2,0,0,0,0,1,5,0,3,
2020. 11. 5 오후 6:13:04,0,0,0,0,0,0,ALICE : Into the Rabbit Hole,0,2,1,3,0,0,2,3,4,2,2,1,4,1,1,1,1.0,5,1,1,1,1,1,2,2,0,0,0,0,0,3,0,3,♥
2020. 11. 5 오후 6:13:20,0,0,0,0,0,0,ALICE : Into the Rabbit Hole,0,2,1,3,0,0,2,3,4,2,2,1,4,1,1,1,1.0,5,1,1,1,1,1,2,2,0,0,0,0,0,3,0,3,♥
2020. 11. 5 오후 6:18:00,0,0,0,0,0,1,,0,2,1,3,10,1,1,1,0,1,5,1,6,1,1,1,1.0,1,1,1,1,1,2,3,3,0,0,0,1,1,3,0,1,너무 좋고 12000원 하나도 안아까워요
2020. 11. 5 오후 6:22:12,0,0,0,0,0,0,"반 고흐 미디어아트 : Very Yellow, Very Bright",1,2,1,4,1,0,1,3,0,1,2,1,2,1,1,1,1.0,1,1,1,1,1,2,4,2,0,0,0,1,0,3,0,3,"너무 재밌어요!!
"
2020. 11. 5 오후 6:43:25,0,2,0,2,0,1,,0,0,2,3,2,3,5,1,5,0,1,1,2,1,2,1,2.0,2,1,2,1,2,2,1,5,0,0,0,0,0,2,0,4,삶에 대한 위로를 해 주는 인생웹툰이 전시회로 만들어졌단 소식에 기분 좋게 관람했는데 역시 실망시키지 않았습니다
2020. 11. 5 오후 6:58:57,1,0,4,1,0,1,,3,1,3,3,1,2,3,2,0,1,0,2,7,1,1,2,2.0,1,1,2,2,2,0,3,3,0,0,0,0,1,1,0,3,이동건 ♥ 신순록
2020. 11. 6 오전 11:25:31,0,3,2,1,0,1,,4,1,1,3,2,0,0,3,0,1,6,5,2,5,5,4,5.0,3,4,3,1,3,2,0,3,1,0,0,0,1,5,0,1,유미랑 헤어지는 기분 친한 친구가 해외로 가버리는 느낌. 졸업 하는 기분
2020. 11. 6 오전 11:30:52,0,3,2,0,1,0,신인상모네 : 시광영적예술전,0,1,1,5,1,2,1,3,4,1,3,5,5,1,1,1,1.0,1,1,4,1,1,4,4,5,0,0,0,0,0,3,0,0,출출
2020. 11. 6 오후 12:03:49,0,0,2,0,0,1,,1,0,3,3,2,1,1,3,4,0,1,1,1,1,2,3,2.0,5,5,2,1,2,2,1,4,0,0,0,0,0,4,0,1,영상 책장쪽 싱크가 안맞아서 아쉬웠지만 유미 팬으로 울컥했어요 전체적인 이야기를 중요한 부분 위주로 전체적으로 볼 수 있어서 좋았습니다
2020. 11. 6 오후 12:09:06,0,0,2,0,0,1,,1,0,3,3,0,3,6,1,0,0,0,1,2,1,3,2,2.0,1,1,2,1,1,4,3,2,0,0,0,0,0,4,0,0,"너무 좋았어요
"
2020. 11. 6 오후 12:12:21,1,0,0,0,1,1,,3,2,3,3,1,0,1,1,1,0,1,1,2,1,1,1,2.0,1,1,2,1,1,4,3,4,0,0,0,0,1,5,0,1,웹툰 전혀 모른상태서 연인따라왔는데 중주행 갑니다잇~~~!!^^
2020. 11. 6 오후 12:43:43,0,2,0,1,1,1,,0,0,1,3,2,0,2,3,0,1,5,1,2,1,1,1,1.0,1,1,1,1,1,1,2,3,1,0,0,0,1,1,0,0,
2020. 11. 6 오후 12:45:51,0,2,0,1,0,1,,0,0,1,3,0,3,3,3,4,1,1,1,4,1,1,1,1.0,5,5,1,1,1,3,0,3,0,0,0,0,1,1,0,1,
2020. 11. 6 오후 12:49:47,0,0,0,1,0,1,,0,0,0,3,2,2,1,0,5,0,0,1,2,1,1,1,1.0,2,1,2,2,2,2,0,4,0,0,0,0,1,4,0,1,정말 좋아요!
2020. 11. 6 오후 12:52:50,0,0,0,1,0,1,,1,0,5,2,2,3,3,1,0,0,3,2,1,2,1,1,1.0,1,1,1,1,1,4,5,2,0,0,0,0,1,4,0,2,좋았다
2020. 11. 6 오후 12:55:52,0,3,1,0,0,1,,1,1,0,3,0,3,4,3,0,1,1,1,0,1,1,3,4.0,1,2,1,1,1,4,3,4,1,0,0,0,1,5,0,1,너므재밌었어요
2020. 11. 6 오후 1:08:18,0,0,0,1,1,1,,0,1,1,0,2,0,1,0,2,1,5,5,1,1,1,1,1.0,5,1,1,1,1,4,3,1,0,0,0,0,0,3,0,1,
2020. 11. 6 오후 1:11:27,0,0,0,0,1,1,,0,0,1,3,1,0,3,0,0,0,1,1,1,1,1,1,1.0,5,1,1,1,2,2,3,6,0,0,0,0,0,2,0,1,
2020. 11. 6 오후 1:14:24,0,3,2,1,0,1,,0,0,1,3,0,2,2,4,3,1,6,4,2,4,1,4,1.0,4,3,1,1,1,1,1,1,0,0,0,0,1,3,0,1,
2020. 11. 6 오후 1:21:04,0,3,2,1,1,0,반 고흐 인사이드,2,0,1,3,1,3,4,3,0,1,5,1,1,1,1,1,1.0,5,1,1,1,1,2,3,3,0,0,0,0,0,3,0,1,"유미를 보내기 너무 아쉬웠는데 이별하는 준비를 한것 같아 감사합니다
윰세덕에 주말이 행복했어요
유미 바비 웅이 모두 행복했으면 좋겠어요!"
2020. 11. 6 오후 1:49:57,0,3,2,0,1,1,,0,2,1,3,0,1,1,3,2,2,6,1,2,1,1,1,1.0,1,1,1,1,1,1,3,4,0,0,0,0,1,3,0,1,"좋은추억으로 간직할게요
"
2020. 11. 6 오후 1:52:54,0,3,2,1,0,1,,0,2,1,3,0,0,4,1,1,0,1,1,2,1,1,3,4.0,5,1,3,3,1,3,6,2,0,0,0,0,0,5,0,1,"즐거웠어요 ㅎㅎ
"
2020. 11. 6 오후 1:57:05,0,0,0,0,0,1,,1,1,3,0,1,1,1,0,0,0,2,2,7,2,4,2,2.0,1,1,1,1,1,3,3,2,1,0,0,0,0,3,0,1,
2020. 11. 6 오후 2:04:34,1,0,0,1,0,1,,0,0,3,3,2,0,3,0,5,0,5,1,2,1,1,1,1.0,4,4,4,4,4,2,6,3,1,0,0,0,1,5,0,0,.
2020. 11. 6 오후 2:19:32,0,0,0,0,0,1,,0,2,4,3,2,3,1,1,1,1,6,1,2,1,3,1,,1,1,1,1,1,2,0,2,1,0,0,0,1,3,0,1,
2020. 11. 6 오후 2:22:35,0,0,0,1,0,1,,0,2,1,3,0,0,0,3,0,1,4,1,0,1,1,1,1.0,1,1,4,1,3,2,4,6,1,0,0,0,0,3,0,3,
2020. 11. 6 오후 2:38:48,0,0,4,0,0,1,,1,1,3,3,0,3,1,2,1,0,3,5,2,5,5,5,5.0,5,5,1,2,1,1,3,1,0,0,0,0,0,4,0,0,
2020. 11. 6 오후 2:45:44,0,0,4,0,0,1,,0,0,1,3,1,0,1,0,2,1,2,1,7,1,3,1,,3,3,3,3,3,2,5,6,0,0,0,0,0,3,0,1,
2020. 11. 6 오후 2:55:03,0,0,0,1,1,1,,1,2,1,3,2,0,1,0,6,1,1,1,2,1,1,1,1.0,1,1,1,1,1,4,0,3,0,0,0,0,0,4,0,0,재미있게놀다가용
2020. 11. 6 오후 2:57:57,0,0,0,1,0,1,,0,0,1,3,2,0,2,0,0,0,2,1,2,1,1,1,1.0,1,1,1,1,1,1,3,2,0,0,0,0,0,5,0,1,
2020. 11. 6 오후 3:02:21,0,3,4,0,1,1,,0,1,3,4,0,2,0,0,6,1,6,5,2,1,1,1,1.0,1,1,1,1,1,2,3,2,0,0,0,0,0,5,0,2,"인생 웹툰을 직접 경험해서 좋았어요
♥♥"
2020. 11. 6 오후 3:07:21,0,0,0,2,0,1,,1,2,1,6,11,0,4,3,4,0,0,2,0,2,1,2,2.0,2,2,2,2,2,1,4,0,0,0,0,0,0,5,0,5,재밋엇당
2020. 11. 6 오후 3:10:06,0,0,0,2,0,1,,3,2,1,1,2,3,1,0,2,0,4,1,2,1,1,1,,2,2,4,2,2,1,3,3,0,0,0,0,1,2,0,0,꿀잠
2020. 11. 6 오후 3:14:21,0,3,2,1,1,1,,1,1,0,3,2,2,3,0,2,0,0,4,6,4,4,5,5.0,4,5,1,2,1,0,1,2,0,0,0,0,1,5,0,1,좋았어요
2020. 11. 6 오후 3:18:41,1,3,2,0,0,1,,0,2,3,3,0,2,5,3,4,0,0,1,6,1,1,2,5.0,3,2,2,2,4,2,3,0,1,0,0,0,0,5,0,1,
2020. 11. 6 오후 3:22:11,0,0,2,0,0,1,,1,1,3,3,2,1,1,3,0,1,2,1,6,1,1,1,1.0,5,1,1,1,1,1,3,2,0,0,0,0,1,1,0,2,"유미라는 캐릭터가 아니고 살아있는 유미를 만나는 기분이 들어서 몰입감 맀고 재미있었다
"
2020. 11. 6 오후 3:22:14,0,0,0,1,0,1,,2,2,3,3,1,0,0,3,6,1,6,1,1,1,1,1,4.0,2,2,2,2,2,2,3,3,1,0,0,0,0,5,0,4,
2020. 11. 6 오후 3:25:31,0,3,2,1,0,1,,1,4,0,3,0,3,0,0,6,0,6,1,1,1,1,1,1.0,4,4,2,4,1,2,3,2,0,0,1,1,0,5,0,1,
2020. 11. 6 오후 3:27:07,0,0,2,1,0,1,,0,0,2,0,11,3,3,0,0,0,2,4,1,4,4,4,4.0,4,5,3,3,3,4,1,2,0,0,0,0,0,4,0,0,
2020. 11. 6 오후 3:28:23,0,3,3,1,0,1,,0,0,4,0,0,2,1,0,5,0,0,5,2,5,5,4,5.0,4,3,2,2,2,2,4,2,0,0,0,1,1,3,0,1,
2020. 11. 6 오후 3:33:11,0,0,0,1,0,1,,0,2,3,3,0,0,2,3,3,1,1,5,2,1,1,1,1.0,5,1,1,2,1,1,1,3,1,0,0,0,0,4,0,1,
2020. 11. 6 오후 3:35:35,1,0,0,1,1,1,,2,1,3,1,0,2,3,4,4,1,1,1,0,1,1,1,,5,1,2,2,2,0,6,6,1,0,0,0,0,2,0,1,
2020. 11. 6 오후 3:38:24,0,0,2,0,0,1,,3,2,1,1,2,1,3,3,6,2,4,5,2,1,1,1,1.0,1,1,1,1,1,1,1,6,0,0,0,0,0,3,0,1,
2020. 11. 6 오후 3:39:47,0,0,2,1,1,0,"반 고흐 인사이드, 반 고흐 : 10년의 기록 展",2,0,1,3,1,0,5,1,1,1,6,4,2,5,4,5,3.0,5,2,1,2,2,2,2,2,0,0,0,0,1,4,0,4,차기작도 기대할게요 작가님 ♥♥
2020. 11. 6 오후 3:43:32,0,0,0,0,0,1,,3,0,1,3,6,0,1,3,4,1,0,1,2,1,1,1,1.0,1,1,1,2,1,3,5,0,1,0,0,0,1,1,0,1,
2020. 11. 6 오후 3:46:28,0,0,4,0,0,1,,2,0,1,3,2,0,2,0,2,1,4,1,2,1,1,1,1.0,1,1,1,1,1,1,3,2,0,0,0,0,0,5,0,1,
2020. 11. 6 오후 3:48:03,0,0,0,1,0,1,,0,2,3,3,2,2,4,3,4,1,2,1,1,1,1,1,1.0,1,1,1,2,1,1,3,4,0,0,0,0,0,5,0,1,
2020. 11. 6 오후 3:49:28,0,0,0,0,0,1,,0,0,1,3,2,0,1,2,5,1,5,5,1,5,5,5,5.0,5,5,2,2,2,3,0,2,1,0,0,0,0,3,0,0,
2020. 11. 6 오후 3:51:24,0,0,4,0,0,1,,0,0,5,3,2,0,1,1,0,1,6,4,2,4,4,4,3.0,4,4,2,2,2,1,3,2,1,0,0,0,0,4,0,3,
2020. 11. 6 오후 3:58:58,0,0,0,2,0,1,,0,0,1,3,2,1,1,4,4,1,4,4,3,2,2,2,1.0,3,1,3,1,1,1,5,6,1,1,1,0,1,4,0,0,양 부족
2020. 11. 6 오후 4:07:00,1,0,0,1,0,1,,2,2,3,0,0,0,5,0,2,2,0,1,1,1,1,1,1.0,2,1,1,2,1,1,4,6,0,0,0,0,1,2,0,5,Good
2020. 11. 6 오후 4:27:33,0,0,0,0,0,1,,3,0,3,3,5,2,3,3,0,0,1,5,2,1,1,1,1.0,1,1,5,5,3,1,6,2,1,0,0,0,0,5,0,1,
2020. 11. 6 오후 4:33:35,0,0,0,0,0,1,,1,2,3,3,0,3,3,3,4,1,0,1,2,1,1,1,1.0,1,1,1,1,1,1,4,2,1,0,0,0,0,4,0,1,
2020. 11. 6 오후 4:36:45,0,0,0,1,0,1,,1,2,1,1,1,2,4,3,3,0,0,2,2,2,2,2,3.0,2,2,2,2,2,4,1,2,0,0,0,0,0,3,0,3,
2020. 11. 6 오후 4:39:31,0,0,0,1,0,1,,0,1,1,3,0,2,5,4,1,1,1,5,5,1,1,2,1.0,1,1,3,2,1,1,6,3,0,0,0,0,0,4,0,4,
2020. 11. 6 오후 4:52:44,0,0,0,1,0,1,,0,1,3,4,0,2,2,3,4,1,5,2,7,1,1,3,2.0,2,2,3,3,2,1,1,0,0,0,0,0,1,3,0,2,구마 좋아요(추임새)
2020. 11. 6 오후 4:57:52,0,3,2,2,0,1,,0,3,1,3,1,3,3,3,5,0,1,2,6,2,2,2,2.0,2,2,2,2,2,3,2,4,0,0,0,0,0,4,0,1,♥♥♥♥
2020. 11. 6 오후 5:02:27,0,0,2,1,0,1,,2,0,1,3,1,0,1,0,3,0,1,5,0,5,5,5,4.0,4,3,3,2,2,1,4,2,0,0,0,0,0,4,0,1,
2020. 11. 6 오후 5:06:43,0,0,2,1,0,1,,0,2,1,3,1,3,0,4,2,1,2,5,1,5,5,5,4.0,5,5,1,3,1,2,0,3,0,0,0,0,0,5,0,1,스티커 더 만들어주세요 ㅎㅎ
2020. 11. 6 오후 5:15:03,0,0,2,1,0,1,,0,5,1,3,2,0,4,3,0,1,6,1,2,1,1,1,1.0,1,1,1,1,1,2,3,5,0,0,0,0,1,4,0,1,넘무 기여어붜러
2020. 11. 6 오후 5:15:47,0,0,0,0,0,1,,0,0,3,3,2,0,0,3,4,1,0,4,0,1,1,1,1.0,1,1,1,4,1,2,6,6,0,0,0,0,0,1,0,2,
2020. 11. 6 오후 5:22:25,0,0,2,2,0,1,,0,1,1,0,0,0,1,0,5,0,6,4,2,5,5,5,,4,2,5,4,3,2,3,6,0,0,0,0,0,3,0,1,
2020. 11. 6 오후 5:29:09,0,0,2,1,0,1,,0,5,1,3,2,0,4,3,0,1,6,1,2,1,1,1,1.0,1,1,1,1,1,2,3,5,0,0,0,0,1,4,0,1,넘무 기여어붜러
2020. 11. 6 오후 5:30:17,0,0,0,0,0,1,,3,2,3,0,12,0,3,3,3,1,0,5,6,5,5,5,5.0,5,5,5,5,5,0,5,4,0,0,0,0,1,1,0,3,좋아요
2020. 11. 6 오후 5:34:09,0,0,0,0,0,1,,1,0,1,3,0,3,3,3,3,0,1,1,1,1,1,2,1.0,5,5,2,2,2,1,1,2,0,0,0,0,0,4,0,0,굳
2020. 11. 6 오후 5:36:54,0,0,0,1,1,0,내 이름은 빨강머리 앤,0,0,4,0,2,2,6,0,4,0,2,4,7,1,1,1,1.0,1,1,1,1,1,1,6,4,0,0,0,0,1,3,0,0,굳
2020. 11. 6 오후 5:40:33,0,0,0,0,0,1,,0,0,1,3,1,0,1,0,2,0,0,1,0,1,1,1,1.0,1,1,1,1,1,2,1,1,0,0,0,0,1,4,0,1,너무 좋았다
2020. 11. 6 오후 5:40:48,0,0,0,0,0,1,,0,2,1,3,0,0,1,0,2,0,1,1,2,1,4,1,2.0,2,1,3,4,2,2,1,2,0,0,0,0,0,5,0,1,평소 유미의세포들을 매우 좋아했던 독자로서 이렇게 현실에서 만날수있어서 좋았다
2020. 11. 6 오후 5:40:59,0,0,0,0,0,1,,0,2,1,3,0,0,1,0,2,0,1,1,2,1,4,1,2.0,2,1,3,4,2,2,1,2,0,0,0,0,0,5,0,1,평소 유미의세포들을 매우 좋아했던 독자로서 이렇게 현실에서 만날수있어서 좋았다
2020. 11. 6 오후 5:46:11,0,0,0,2,0,1,,2,0,1,3,2,0,3,3,4,1,4,1,1,1,1,1,1.0,3,1,1,2,1,2,3,2,1,0,0,0,1,5,0,2,ㅇㄷㄱㅊㄱ
2020. 11. 6 오후 5:59:12,0,0,0,1,0,1,,0,2,1,3,2,0,1,1,5,1,5,5,1,5,4,5,4.0,5,5,4,2,1,2,3,5,0,0,0,0,1,4,0,1,동건 작가님 만수무강하십쇼
2020. 11. 6 오후 6:05:42,1,0,0,2,0,1,,1,0,3,3,2,0,2,3,5,0,5,5,1,5,5,5,5.0,5,5,1,1,1,0,3,3,0,0,0,0,1,4,0,1,너무 귀여웠어요 앞으로도 좋은 작품 부탁드려요
2020. 11. 6 오후 6:12:45,0,0,2,1,0,1,,0,0,1,3,1,2,3,0,2,1,5,2,0,1,1,1,2.0,2,2,3,4,1,2,2,6,1,0,0,0,0,4,0,2,
2020. 11. 6 오후 6:15:50,0,0,0,0,0,1,,1,3,1,4,7,2,6,0,4,1,1,4,8,4,2,3,3.0,3,3,3,4,4,4,0,5,1,1,1,1,0,3,1,1,힐링
2020. 11. 6 오후 6:22:02,1,0,0,0,0,1,,1,2,3,3,1,2,0,0,2,2,2,1,6,1,1,2,1.0,2,2,2,2,2,0,3,4,0,0,0,0,0,2,0,0,"재밌어용
"
2020. 11. 6 오후 6:25:25,0,0,0,1,0,1,,1,2,1,3,1,0,3,0,6,1,1,1,1,2,2,1,4.0,2,2,3,3,4,1,3,5,1,0,0,1,1,4,0,0,
2020. 11. 6 오후 6:25:29,0,0,0,0,0,1,,0,0,1,3,1,0,2,0,2,0,1,1,2,1,3,1,1.0,1,1,1,3,2,2,3,5,1,0,0,1,1,5,0,2,전시는 매우 즐거웠는데 참여할수있는게 많이없는것같아요
2020. 11. 6 오후 6:30:56,0,0,2,0,0,1,,3,2,3,4,2,0,5,0,6,0,4,2,0,2,2,1,4.0,3,3,2,2,3,5,1,2,1,0,0,0,0,4,0,2,설문조사가 너무 길어요
2020. 11. 6 오후 6:31:03,0,3,2,0,0,1,,0,2,2,3,1,0,1,3,0,1,0,5,1,5,5,5,5.0,5,1,2,3,1,2,4,1,0,0,0,0,1,5,0,1,복습의 기회여써여
2020. 11. 6 오후 6:34:14,1,0,0,0,1,1,,3,4,0,0,0,3,0,0,0,0,1,4,6,4,4,5,1.0,3,4,1,3,1,0,1,5,1,0,-1,0,1,4,0,0,
2020. 11. 6 오후 6:35:02,0,0,0,0,0,1,,2,1,0,3,1,0,1,0,2,0,6,1,2,1,1,1,2.0,2,2,1,3,1,1,3,1,1,0,0,0,1,5,0,1,
2020. 11. 6 오후 6:37:23,0,0,0,1,0,1,,2,0,1,3,2,0,1,0,5,1,6,4,7,4,4,5,1.0,5,1,1,1,1,2,4,2,0,0,0,0,0,4,0,3,X
2020. 11. 6 오후 6:42:57,0,0,0,1,0,1,,3,0,1,0,2,2,3,3,3,0,0,1,1,1,1,1,1.0,1,1,1,1,1,1,6,6,1,0,0,0,0,4,0,3,Good
2020. 11. 6 오후 6:51:44,1,0,2,0,0,1,,1,2,3,3,1,2,3,1,3,0,0,4,7,1,1,1,1.0,5,1,3,3,3,2,6,2,0,0,0,0,0,3,0,5,
2020. 11. 6 오후 6:54:22,0,0,2,1,0,1,,0,1,2,3,2,0,1,0,2,1,0,4,2,4,4,4,4.0,4,4,2,2,2,1,3,4,0,0,0,0,1,2,0,3,Good
2020. 11. 6 오후 6:57:13,0,0,0,1,1,1,,0,0,1,3,0,3,1,2,3,1,6,4,2,4,3,3,4.0,4,4,3,4,3,1,5,1,0,0,0,0,1,4,1,5,Good
2020. 11. 6 오후 7:04:39,0,2,0,2,0,1,,3,1,1,3,1,3,1,3,1,0,6,1,2,1,1,1,1.0,1,1,1,1,1,3,5,1,0,0,0,0,0,1,0,1,꼭와보고싶었는데 감사합니다 ㅠㅠ
2020. 11. 6 오후 7:05:25,0,2,0,0,1,0,내 이름은 빨강머리 앤,4,1,1,0,0,3,4,0,2,0,6,1,2,1,1,1,1.0,3,1,1,1,5,3,4,1,0,0,0,0,0,4,0,3,너무 좋고 귀여웠어요
2020. 11. 6 오후 7:07:24,0,2,0,1,0,1,,2,0,1,2,2,1,3,0,0,1,2,1,2,1,1,1,1.0,1,1,1,1,1,3,2,1,0,0,0,0,0,5,0,1,
2020. 11. 7 오전 11:07:30,0,3,4,0,0,1,,2,2,1,3,2,2,0,3,4,1,1,1,3,1,1,1,1.0,1,1,1,1,1,3,0,1,0,0,0,0,1,3,0,1,재미있었다
2020. 11. 7 오전 11:11:55,1,1,2,0,0,1,,2,1,3,0,1,2,1,0,1,1,6,1,6,1,1,4,2.0,1,1,2,1,2,3,0,0,1,0,0,0,1,5,0,2,즐거웠음
2020. 11. 7 오전 11:18:38,0,0,2,0,0,1,,0,2,3,3,1,2,2,3,2,1,1,4,0,1,1,1,3.0,1,1,1,1,1,1,5,1,1,1,0,0,0,4,0,2,
2020. 11. 7 오전 11:39:56,0,0,4,1,0,1,,0,1,3,3,2,0,0,3,4,1,2,5,2,5,5,5,5.0,5,5,1,1,1,1,2,4,0,0,0,0,1,5,0,2,좋았다
2020. 11. 7 오전 11:44:16,1,0,0,1,1,1,,2,0,3,3,6,2,0,3,5,0,6,1,1,1,1,1,1.0,1,1,1,1,1,2,0,5,0,0,0,0,0,5,0,1,
2020. 11. 7 오전 11:54:35,0,3,4,1,0,1,,4,1,1,0,1,3,5,3,4,1,6,1,1,1,1,1,1.0,1,1,3,1,1,2,4,6,0,0,0,0,1,3,0,0,"정주행고고
"
2020. 11. 7 오후 12:10:30,0,3,2,1,1,1,,2,0,3,3,5,1,3,1,5,0,1,1,1,1,3,1,3.0,1,1,1,1,1,3,3,1,0,0,0,0,1,4,0,1,대박
2020. 11. 7 오후 12:16:31,0,0,0,0,0,1,,0,1,1,0,2,2,0,3,5,0,0,1,1,1,1,1,,1,1,3,3,1,1,3,3,1,0,0,0,0,5,0,3,ㅇㅇ
2020. 11. 7 오후 12:22:51,0,0,4,1,1,1,,2,2,3,3,1,0,0,3,0,1,1,5,2,1,1,1,3.0,5,1,1,1,1,1,6,1,0,0,0,0,1,3,0,0,
2020. 11. 7 오후 12:26:22,0,0,0,0,0,1,,1,2,1,3,2,3,2,0,4,1,0,4,1,1,1,1,1.0,1,1,1,1,1,1,4,2,0,0,0,0,1,3,0,1,
2020. 11. 7 오후 12:26:37,0,2,0,0,1,1,,3,1,2,3,1,3,3,3,6,0,0,5,2,1,1,1,1.0,5,1,1,1,1,4,3,3,0,0,0,0,1,3,0,3,윰세는 사랑입니다
2020. 11. 7 오후 12:26:49,0,2,0,1,1,1,,1,0,2,3,0,2,2,3,0,0,1,5,1,1,1,1,1.0,1,1,1,1,1,2,1,2,0,0,0,0,0,3,0,1,
2020. 11. 7 오후 12:29:38,0,0,0,0,0,1,,0,2,1,3,1,2,4,0,0,1,0,5,2,1,2,1,1.0,1,1,1,2,1,3,1,0,0,0,0,0,1,4,0,1,
2020. 11. 7 오후 12:31:32,1,3,2,1,0,1,,2,0,3,0,2,2,5,3,4,1,5,4,1,4,5,3,,4,4,3,4,1,2,2,1,1,0,0,0,1,4,0,2,입체적 조형물이 좋았습니다 마치 어딘가 진짜로 있었던 케릭터 처럼
2020. 11. 7 오후 12:31:42,0,3,2,0,0,1,,0,0,3,4,1,2,2,3,4,1,3,1,2,1,1,1,1.0,1,1,1,1,1,4,6,5,0,0,1,0,1,4,0,2,
2020. 11. 7 오후 12:33:00,0,0,0,0,0,1,,0,0,1,0,1,2,3,2,5,0,0,5,6,1,1,1,1.0,1,1,1,1,1,1,6,1,0,0,0,0,0,5,0,1,너무 좋았어요
2020. 11. 7 오후 12:35:29,0,0,0,0,1,1,,0,0,1,3,0,0,5,2,2,0,0,4,2,5,5,5,5.0,5,5,1,1,1,1,5,1,1,0,0,0,0,5,0,1,
2020. 11. 7 오후 12:37:26,0,0,0,1,0,1,,1,1,1,3,0,2,4,0,1,1,3,3,3,3,2,4,3.0,3,3,3,3,3,0,3,5,0,0,0,0,1,5,0,1,사랑해유미야
2020. 11. 7 오후 12:40:38,1,0,0,0,0,1,,1,0,3,3,2,0,1,1,5,0,1,1,2,1,1,1,4.0,1,1,2,2,3,2,3,1,0,0,1,0,1,4,0,1,
2020. 11. 7 오후 12:41:20,0,0,2,0,0,1,,0,0,3,3,0,3,4,3,4,1,4,1,2,1,1,1,3.0,1,1,1,1,1,1,3,0,0,0,0,0,1,5,0,2,"너무 좋았어요
"
2020. 11. 7 오후 12:42:58,0,0,0,1,0,1,,0,1,3,3,1,2,2,0,2,1,6,1,0,1,1,1,5.0,1,1,1,2,3,2,3,5,0,0,0,0,0,5,0,5,"감정인식이 잘안됨 5번정도 시도후 가능했다, 키가 작거나 큰사람은 안된"
2020. 11. 7 오후 12:50:04,0,2,0,1,0,1,,0,0,1,3,2,2,0,3,5,0,2,5,3,1,1,2,1.0,5,4,3,3,3,4,4,2,0,0,0,0,1,3,0,3,아잉
2020. 11. 7 오후 12:54:46,0,2,0,1,0,1,,0,2,1,3,2,2,1,3,0,1,0,1,3,2,1,2,3.0,2,2,2,3,3,0,3,3,0,0,0,0,0,3,0,0,
2020. 11. 7 오후 1:00:30,0,3,3,1,0,1,,0,0,3,3,2,3,4,0,6,1,6,5,1,1,1,1,1.0,1,1,1,1,1,2,1,2,0,0,0,0,1,5,0,0,최고
2020. 11. 7 오후 1:16:25,0,2,0,2,0,1,,0,0,2,0,2,2,1,0,5,2,1,1,1,1,1,1,1.0,5,1,1,1,1,0,3,3,0,0,0,0,0,5,0,4,재밌었다
2020. 11. 7 오후 1:26:59,0,0,2,1,0,1,,0,1,1,3,2,0,1,3,1,0,3,5,2,4,5,5,5.0,5,4,1,1,1,2,4,2,0,0,0,0,1,3,0,3,좋아요
2020. 11. 7 오후 1:29:26,1,2,2,1,1,1,,3,1,3,0,6,3,3,3,2,0,2,5,6,5,5,5,5.0,5,5,5,5,5,5,2,4,0,0,0,0,0,5,0,2,
2020. 11. 7 오후 1:31:10,0,0,2,0,0,1,,1,2,1,3,2,2,2,0,2,1,0,4,2,3,4,5,2.0,4,4,3,3,3,3,6,6,1,0,0,0,1,5,0,1,
2020. 11. 7 오후 1:31:59,0,2,2,0,0,1,,3,1,3,3,6,0,1,1,1,1,3,1,2,1,1,1,3.0,5,1,1,1,1,0,3,2,0,0,0,0,1,5,0,0,
2020. 11. 7 오후 1:34:17,0,0,0,0,0,1,,1,2,1,6,1,0,0,0,3,0,1,1,4,1,1,1,1.0,1,1,1,1,1,2,4,4,0,0,0,0,1,1,0,3,
2020. 11. 7 오후 1:37:38,1,3,2,0,0,1,,0,0,3,3,2,3,3,0,4,2,1,1,5,2,1,1,,1,1,2,3,2,4,6,1,0,0,0,0,0,5,0,1,잘 보고갑니다아아 
2020. 11. 7 오후 1:44:29,0,0,3,2,0,1,,0,0,1,3,0,1,1,0,2,1,0,2,2,2,4,1,5.0,3,3,3,4,5,3,2,5,1,0,0,0,1,4,0,2,안경연하남최고
2020. 11. 7 오후 2:00:20,0,2,0,1,0,1,,0,1,1,3,0,2,0,0,1,1,5,5,2,1,1,2,3.0,4,5,1,1,3,4,5,6,0,0,0,0,0,2,0,1,넘 재밌어요
2020. 11. 7 오후 2:03:52,0,2,0,0,0,1,,3,1,1,3,1,2,0,0,1,1,3,1,2,1,2,1,2.0,1,1,1,1,1,0,5,0,1,0,0,0,1,3,0,1,너무 재미있었고 다시 웹툰을 볼 의향이 생긴다
2020. 11. 7 오후 2:06:46,0,2,0,1,0,1,,3,2,1,3,1,3,1,3,3,0,4,1,6,1,1,1,2.0,1,1,2,2,1,2,4,2,0,0,1,0,0,3,0,3,
2020. 11. 7 오후 2:09:49,0,2,0,0,0,1,,1,2,1,0,1,2,4,0,2,0,1,3,6,3,4,3,5.0,3,2,4,3,2,2,0,6,0,1,0,0,0,5,1,3,
2020. 11. 7 오후 2:13:14,0,2,0,1,0,1,,3,2,1,0,1,0,1,0,2,0,2,3,3,3,3,1,1.0,3,3,3,3,3,0,3,2,0,0,0,0,0,4,0,3,
2020. 11. 7 오후 2:17:31,0,0,0,1,0,1,,0,0,1,3,1,2,2,3,0,0,2,1,2,1,1,1,3.0,1,1,1,2,1,1,0,1,0,0,0,0,1,4,0,1,윰셒 사랑해요 내 최애 웹툰♥
2020. 11. 7 오후 2:19:41,0,0,0,0,0,1,,1,1,1,0,2,2,1,0,1,0,3,1,2,1,1,1,1.0,1,1,2,3,1,0,3,0,0,0,0,0,0,3,0,0,즐겁지
2020. 11. 7 오후 2:20:37,0,0,2,2,0,1,,2,0,3,4,2,0,6,3,3,1,0,2,5,1,1,2,2.0,2,2,4,3,3,1,3,6,0,0,0,0,1,3,0,1,맵핑 최고
2020. 11. 7 오후 2:23:59,0,0,2,0,0,1,,1,2,3,3,0,0,3,0,5,0,1,1,1,1,1,1,3.0,1,1,1,3,1,1,1,2,0,0,0,0,1,4,0,5,
2020. 11. 7 오후 2:24:09,1,0,2,2,0,1,,2,0,3,2,1,3,5,0,2,1,1,2,6,2,3,1,3.0,2,2,3,3,1,4,2,0,0,0,0,0,1,4,0,2,
2020. 11. 7 오후 2:29:46,0,2,0,1,0,1,,2,0,2,3,1,0,1,3,0,0,1,5,1,5,5,5,3.0,5,5,4,2,4,2,3,2,0,0,0,0,0,4,0,3,유미의 세포들 웹툰이 더 좋아졌다
2020. 11. 7 오후 2:37:41,0,0,0,0,0,1,,0,0,1,0,0,2,1,0,1,0,3,5,2,1,1,1,1.0,5,5,1,1,1,1,4,0,0,0,0,0,0,3,0,3,
2020. 11. 7 오후 2:41:57,1,1,2,1,0,1,,1,2,3,3,2,2,4,3,4,1,4,2,2,1,1,2,,1,1,2,3,4,5,2,1,1,0,0,0,0,5,0,3,
2020. 11. 7 오후 2:50:15,0,0,2,0,0,1,,0,2,3,0,0,2,1,0,1,2,3,5,2,4,4,5,5.0,5,5,2,2,2,1,4,0,0,0,0,0,0,4,0,3,
2020. 11. 7 오후 2:53:54,0,0,0,1,0,1,,0,2,1,4,1,2,2,0,0,1,0,1,3,1,1,1,1.0,1,1,1,3,1,1,3,4,0,0,0,0,1,5,0,1,
2020. 11. 7 오후 2:56:37,0,0,0,2,1,1,,4,0,1,0,2,3,2,3,3,2,0,1,8,1,1,1,1.0,5,1,1,1,1,1,5,1,0,0,0,0,0,5,0,5,
2020. 11. 7 오후 2:58:31,0,0,0,1,0,1,,1,2,1,3,6,0,0,0,6,1,3,5,1,5,5,5,,5,5,2,2,2,2,1,1,0,0,0,0,1,4,0,1,
2020. 11. 7 오후 2:58:45,1,3,2,0,0,1,,3,2,3,4,1,0,1,0,2,1,3,1,2,1,1,1,1.0,1,1,3,2,4,1,3,2,0,1,0,0,0,3,0,3,
2020. 11. 7 오후 3:10:30,0,3,2,0,0,1,,1,1,2,3,2,3,2,0,5,0,1,5,2,5,1,1,4.0,1,1,1,3,1,2,3,5,0,0,1,0,1,5,0,2,무빙건 포에버
2020. 11. 7 오후 3:15:24,0,0,2,1,0,1,,0,0,1,3,13,1,7,3,7,2,1,5,2,5,5,5,5.0,5,5,1,1,1,1,6,3,0,0,0,0,1,3,0,0,유미사랑해 무빙건 사랑햐요
2020. 11. 7 오후 3:18:00,0,0,0,1,0,1,,0,0,1,3,0,0,0,3,4,1,4,5,2,1,1,1,1.0,5,5,1,2,1,1,2,2,0,0,0,0,1,3,0,1,너무재밌었고  완결 축하드려요 재미있게 봤습니다.
2020. 11. 7 오후 3:18:08,0,0,4,1,0,1,,0,2,1,3,1,0,3,0,3,0,6,1,2,1,1,1,1.0,5,1,3,3,1,2,4,6,0,0,0,0,0,5,0,5,
2020. 11. 7 오후 3:18:12,0,0,0,1,1,1,,1,1,1,3,2,0,0,1,5,0,1,1,2,1,1,1,1.0,1,1,1,3,1,1,3,1,0,0,0,0,1,4,0,1,너무 즐거웠습니다. 또 보러 오고싶어요
2020. 11. 7 오후 3:27:47,0,3,3,1,0,1,,0,0,2,4,1,1,5,1,0,1,0,4,3,4,3,2,4.0,3,4,3,3,3,5,4,1,1,0,0,0,1,4,0,4,좋아요
2020. 11. 7 오후 3:30:38,0,0,2,1,1,1,,1,0,2,3,0,3,1,0,0,0,2,1,2,1,1,2,2.0,5,5,1,1,1,0,1,0,0,0,0,0,1,3,0,1,짱
2020. 11. 7 오후 3:34:55,0,0,2,0,0,1,,0,0,1,3,0,0,3,0,2,2,1,1,2,1,1,1,1.0,1,1,1,1,1,2,3,4,0,0,0,0,0,4,0,1,너무 좋았어요
2020. 11. 7 오후 3:38:32,0,2,0,1,0,1,,1,0,2,0,1,3,1,0,6,1,0,1,6,1,1,1,1.0,1,1,1,1,1,2,3,4,0,0,0,0,0,4,0,2,다음에또 올게요
2020. 11. 7 오후 3:41:05,0,3,2,0,0,1,,1,1,1,0,2,1,1,0,1,0,3,1,2,1,1,1,1.0,1,1,1,1,1,4,3,6,0,0,0,0,1,1,0,1,넘조음
2020. 11. 7 오후 3:53:09,1,1,2,1,0,1,,0,0,2,4,2,0,0,3,0,0,1,4,1,4,5,3,4.0,4,4,3,3,3,1,3,4,1,0,0,0,1,3,0,0,전시와 스토리와 음악 모두 좋았습니다.
2020. 11. 7 오후 3:56:40,0,1,2,1,0,0,"반 고흐 인사이드, 반 고흐 : 10년의 기록 展",2,0,2,3,2,3,1,3,1,0,6,3,1,4,3,3,4.0,3,3,3,3,2,2,4,0,0,0,0,0,1,3,0,1,
2020. 11. 7 오후 4:06:32,0,3,2,1,1,1,,4,0,4,2,1,3,0,3,0,1,5,1,2,2,1,4,3.0,2,1,2,3,2,0,3,5,1,0,0,0,1,3,0,2,"굿굿
"
2020. 11. 7 오후 4:12:47,0,0,0,0,0,1,,1,1,2,3,2,1,1,1,0,1,5,5,1,2,2,2,,2,2,2,5,2,1,2,6,0,0,0,0,1,4,0,2,
2020. 11. 7 오후 4:15:14,0,0,2,1,0,1,,0,0,6,3,2,3,3,4,3,1,1,5,7,5,5,5,4.0,5,5,1,3,4,2,5,5,0,0,0,0,0,4,0,0,얼굴인식 잘 안되는거 빼고 다 너무너무 좋앗어요
2020. 11. 7 오후 4:17:08,0,3,2,1,0,1,,2,0,4,3,6,1,1,3,4,1,6,4,4,4,4,1,3.0,4,3,2,4,1,1,3,0,1,0,0,0,1,3,0,1,
2020. 11. 7 오후 4:27:08,0,0,2,1,0,1,,4,0,4,3,1,0,3,3,5,0,6,1,1,1,1,1,4.0,2,2,4,5,4,1,1,6,0,0,0,0,0,4,0,0,굿
2020. 11. 7 오후 4:30:52,0,0,2,2,0,1,,4,0,1,3,0,0,2,0,2,0,2,1,1,1,2,1,2.0,1,3,3,5,1,0,4,6,1,0,0,0,0,5,0,1,짱
2020. 11. 7 오후 4:31:43,0,0,0,1,0,1,,2,0,4,3,2,2,1,0,0,1,2,4,2,3,3,2,3.0,3,3,3,5,4,3,3,2,1,0,0,0,0,4,0,1,
2020. 11. 7 오후 4:33:21,0,0,4,1,1,1,,4,0,3,1,0,2,3,0,1,0,5,1,0,1,1,1,1.0,5,1,1,1,1,1,3,1,0,0,0,0,0,3,0,3,귀엽당
2020. 11. 7 오후 4:35:31,0,0,0,2,0,1,,1,0,0,0,1,0,0,0,0,1,0,4,1,2,5,2,4.0,2,4,2,5,2,1,1,0,1,1,0,0,0,5,0,2,
2020. 11. 7 오후 4:38:50,0,3,1,0,0,1,,0,0,3,3,2,0,1,3,4,1,1,1,0,1,1,3,5.0,2,3,3,4,2,1,2,6,0,0,0,0,1,3,0,1,
2020. 11. 7 오후 4:42:38,0,0,0,0,0,1,,0,1,1,3,1,0,0,3,1,1,0,2,0,2,2,2,4.0,3,3,4,4,2,1,4,1,0,0,0,0,1,2,0,1,
2020. 11. 7 오후 4:47:17,0,0,0,2,0,1,,0,0,1,3,1,1,1,3,3,1,0,1,2,1,1,1,1.0,1,1,2,2,2,3,3,4,0,0,0,0,0,4,0,5,
2020. 11. 7 오후 5:05:18,1,0,2,0,0,1,,1,2,3,0,0,2,2,3,4,0,0,5,0,1,1,3,3.0,3,3,5,5,3,5,4,1,0,0,0,0,1,5,0,1,Good
2020. 11. 7 오후 5:12:02,0,2,0,1,0,1,,4,2,2,3,1,0,4,3,0,1,2,5,4,1,2,2,1.0,3,2,1,1,1,2,4,1,0,0,0,0,1,3,0,1,
2020. 11. 7 오후 5:14:37,0,2,0,1,1,0,반 고흐 인사이드,2,0,2,0,2,2,1,0,1,0,3,3,7,3,3,3,3.0,3,3,3,3,3,2,6,0,0,0,0,0,0,3,0,1,
2020. 11. 7 오후 5:21:28,0,0,2,0,0,1,,1,0,1,3,1,3,4,0,2,1,3,4,1,1,1,1,1.0,1,5,3,4,4,0,3,1,0,0,0,0,1,2,0,1,
2020. 11. 7 오후 5:24:23,0,0,2,2,0,1,,2,1,1,3,1,0,3,3,0,1,0,1,1,1,1,3,1.0,1,1,2,5,3,2,3,6,0,0,0,0,0,3,0,2,
2020. 11. 7 오후 5:26:17,0,0,4,2,0,1,,2,0,1,0,0,1,1,3,0,1,6,1,0,1,5,5,1.0,5,5,3,5,1,1,1,4,0,0,0,0,0,5,0,1,
2020. 11. 7 오후 5:35:37,0,0,2,1,0,1,,0,0,2,3,2,1,2,1,5,1,2,4,2,5,3,5,4.0,4,4,3,5,4,3,4,3,1,0,0,0,1,1,0,5,
2020. 11. 7 오후 5:42:32,0,3,2,0,0,1,,0,1,1,0,2,0,3,1,5,1,1,4,1,1,1,3,4.0,1,2,4,5,3,3,3,6,1,0,0,0,0,5,0,1,공간의 환기 부족으로 너무 피곤했어요
2020. 11. 7 오후 5:46:21,0,0,2,1,0,1,,1,1,3,3,14,1,1,3,0,0,6,5,2,5,5,5,5.0,5,5,4,3,3,3,3,2,0,0,0,0,1,3,0,3,좋아요
2020. 11. 7 오후 5:49:28,0,0,2,1,0,1,,0,0,1,3,1,3,2,3,1,0,3,5,2,5,5,5,5.0,5,5,3,5,2,2,3,2,0,0,0,0,0,4,0,1,최고 ㅜㅜ ㄱ끝난게 너므 아쉬워요 ㅠㅠㅠㅠ
2020. 11. 7 오후 5:52:45,0,0,2,0,0,1,,0,1,1,3,1,3,3,0,2,0,0,1,1,1,1,1,2.0,4,3,1,3,1,2,3,6,0,0,0,0,1,5,0,0,너무 귀엽고 재밌었습니다!!
2020. 11. 7 오후 5:53:07,0,0,2,2,0,1,,0,1,2,3,0,0,1,3,4,1,1,2,1,2,1,5,4.0,3,5,4,5,1,2,4,1,1,1,0,0,0,3,0,3,
2020. 11. 7 오후 5:55:13,0,0,2,2,0,1,,0,1,1,5,3,2,4,0,2,1,2,1,7,1,1,1,1.0,1,1,1,1,1,1,6,1,1,1,1,0,1,3,0,3,
2020. 11. 7 오후 5:58:19,0,3,2,0,0,1,,1,1,3,3,2,2,4,4,2,1,0,1,1,1,3,3,4.0,3,3,3,4,3,2,0,2,0,0,0,0,1,2,0,1,
2020. 11. 7 오후 5:59:49,0,3,2,1,0,1,,0,1,3,0,2,3,0,3,5,0,6,3,1,4,5,3,3.0,3,3,2,3,3,3,3,1,1,0,0,0,1,5,0,0,ㅇ
2020. 11. 7 오후 6:00:38,1,0,3,2,0,1,,1,2,1,3,2,2,3,0,3,0,1,5,2,5,5,5,2.0,5,5,1,5,1,3,3,5,0,0,0,0,1,4,0,1,
2020. 11. 7 오후 6:03:40,0,0,0,1,0,1,,0,2,1,3,2,0,1,0,0,1,1,5,1,5,5,5,2.0,5,5,1,3,2,0,3,5,1,0,0,0,0,4,0,1,
2020. 11. 7 오후 6:10:47,0,0,2,0,0,1,,1,1,1,0,1,0,3,0,6,1,4,5,1,5,5,5,4.0,3,5,4,4,1,1,3,1,0,0,0,0,1,2,0,0,유미의 방 빔 프로젝트와 실제 광간을 합친 아이기어가 매우 참신했습니다 저는 프라임새포 찾기 콘텐츠와 같이 체험 콘텐츠를 좋아하는데 유미의 방은 신선해서 가장 기억에 남습니다 전체적으로 전시 완성도가 높았어요
2020. 11. 7 오후 6:10:49,1,0,0,1,0,1,,0,0,4,0,1,0,3,3,5,1,4,3,1,1,1,1,3.0,2,3,3,5,2,1,0,6,0,0,0,0,0,5,0,2,"완결이 아쉽다
"
2020. 11. 7 오후 6:14:07,0,1,2,1,0,1,,1,1,2,3,2,2,0,0,2,1,0,5,2,5,5,5,4.0,5,5,2,2,1,1,3,1,0,0,0,0,1,4,0,1,
2020. 11. 7 오후 6:15:40,0,2,0,1,0,1,,0,1,2,3,2,3,4,3,3,1,9,1,1,2,1,1,2.0,3,2,3,4,3,3,5,1,0,0,0,0,1,2,0,2,좋은거같고 웹툰과는 다른느낌을 느낄수있어 좋왔다
2020. 11. 7 오후 6:18:03,0,1,5,1,0,1,,1,1,2,3,2,2,1,0,5,0,3,1,2,1,1,1,1.0,1,1,1,1,1,4,1,0,0,0,0,0,0,1,0,3,조아여
2020. 11. 7 오후 6:18:43,0,1,5,1,0,1,,1,1,2,3,2,2,1,0,5,0,3,1,2,1,1,1,1.0,1,1,1,1,1,4,1,0,0,0,0,0,0,1,0,3,조아여
2020. 11. 7 오후 6:20:11,1,1,1,1,0,0,ALICE : Into the Rabbit Hole,1,0,0,5,11,3,3,0,3,0,5,1,1,2,2,3,2.0,2,2,2,3,2,2,5,5,0,0,0,0,0,1,0,0,개밋어요
2020. 11. 7 오후 6:23:29,0,0,5,0,0,1,,3,1,1,3,2,3,4,0,2,0,1,1,2,1,1,1,3.0,2,2,4,5,2,3,1,1,1,0,0,0,0,4,0,1,
2020. 11. 7 오후 6:31:39,0,0,0,0,0,1,,3,1,3,3,2,2,4,0,2,1,2,1,0,1,1,1,1.0,5,1,4,5,3,0,3,1,1,0,0,0,1,5,0,0,
2020. 11. 7 오후 6:43:44,0,3,5,1,0,1,,0,0,1,0,2,0,3,0,5,0,6,1,2,2,3,1,3.0,1,1,2,2,2,4,3,0,0,0,0,0,0,1,0,3,체험이 많아 좋았다
2020. 11. 7 오후 6:58:06,0,0,0,1,0,1,,0,0,1,3,0,0,0,2,5,1,2,5,2,5,4,5,5.0,5,5,1,1,1,2,1,1,0,0,0,0,1,5,0,1,
2020. 11. 7 오후 7:00:59,0,0,2,1,0,0,반 고흐 : 10년의 기록 展,0,1,1,3,0,0,1,3,1,1,1,5,1,1,1,1,1.0,1,1,1,1,1,1,5,3,0,0,0,0,0,4,0,2,
2020. 11. 7 오후 7:05:32,0,0,0,0,0,1,,1,0,1,3,2,2,3,0,2,1,6,1,1,1,1,1,1.0,1,1,1,2,1,2,3,2,0,0,0,0,1,3,0,1,너무 좋았다
2020. 11. 8 오전 11:27:50,1,4,2,1,0,1,,2,1,4,2,2,0,1,3,5,1,6,1,1,1,1,1,5.0,2,2,2,1,2,1,1,4,1,0,0,0,1,1,0,3,Good
2020. 11. 8 오전 11:32:25,0,3,3,0,0,1,,0,1,3,3,1,0,1,0,0,0,1,1,2,1,1,1,1.0,1,1,1,1,1,1,3,4,0,0,0,0,1,4,0,2,
2020. 11. 8 오전 11:34:37,1,3,3,0,0,1,,0,0,3,7,15,0,2,0,6,0,1,5,4,5,5,5,,5,5,1,1,1,1,2,2,1,0,0,0,1,3,0,0,웹툰을 보지않은 사람이지만 즐겁게 관람이 가능해서 좋았습니다
2020. 11. 8 오전 11:35:40,0,3,1,0,0,1,,1,0,2,0,2,3,2,3,4,1,6,2,1,2,1,1,2.0,5,5,1,1,1,2,2,0,0,0,0,0,0,5,0,3,
2020. 11. 8 오전 11:37:57,0,0,2,0,0,1,,1,1,2,3,0,0,1,0,1,0,3,1,0,1,1,1,1.0,3,1,3,3,3,0,3,6,0,0,0,0,1,5,0,3,좋았어요
2020. 11. 8 오전 11:38:37,1,1,2,0,0,1,,0,6,2,8,16,3,1,1,1,0,3,5,1,5,5,5,3.0,5,5,1,1,1,1,1,2,0,0,0,0,0,5,0,2,
2020. 11. 8 오전 11:42:00,1,0,4,1,0,1,,1,2,3,3,2,3,5,0,6,1,2,1,2,1,1,1,,1,1,1,1,1,3,3,2,0,1,0,0,0,4,0,0,
2020. 11. 8 오전 11:42:09,0,0,0,0,0,1,,0,2,3,3,0,3,5,3,4,1,5,1,2,1,1,1,4.0,1,1,1,4,1,3,1,1,0,0,0,0,1,4,0,1,
2020. 11. 8 오전 11:43:09,0,2,0,0,0,1,,1,1,2,0,2,0,4,3,0,1,5,1,2,1,2,1,3.0,5,5,2,1,1,4,0,2,0,0,0,0,1,3,0,4,재밌있고 모형물이 너무 귀여웠어요.
2020. 11. 8 오전 11:46:44,1,3,2,1,0,1,,0,2,3,3,0,0,3,3,5,0,6,4,2,2,2,1,1.0,3,2,2,3,2,2,6,2,0,0,0,0,0,4,0,0,
2020. 11. 8 오전 11:47:40,0,3,5,1,0,1,,0,1,3,3,2,0,1,0,1,0,3,3,5,3,3,3,3.0,4,4,2,2,2,0,6,0,1,0,0,0,0,4,0,1,아쉬워요
2020. 11. 8 오후 12:04:50,0,0,0,0,0,1,,0,0,1,3,2,0,3,0,2,1,6,1,6,1,1,1,1.0,1,1,1,1,1,1,1,2,0,0,0,0,1,1,0,1,
2020. 11. 8 오후 12:05:46,0,0,0,0,0,1,,1,1,1,3,6,3,4,3,4,0,0,1,2,1,1,1,2.0,1,1,1,2,1,1,1,1,0,0,0,0,1,4,0,1,유미 최고
2020. 11. 8 오후 12:07:54,0,0,0,1,0,1,,1,0,1,3,6,2,2,3,0,1,5,1,2,1,1,1,1.0,1,1,1,1,1,2,1,1,0,0,0,0,1,4,0,1,♥♥
2020. 11. 8 오후 12:08:53,0,0,2,2,1,0,"반 고흐 인사이드, 반 고흐 미디어아트 : Very Yellow, Very Bright",0,0,1,3,2,2,6,0,3,1,2,5,2,1,1,1,1.0,1,1,1,1,1,2,6,6,0,0,0,0,0,3,0,1,
2020. 11. 8 오후 12:12:15,0,0,2,0,1,1,,0,1,1,3,2,1,1,3,0,1,6,1,1,1,1,1,,1,1,3,3,1,1,4,6,1,0,0,0,0,4,0,0,
2020. 11. 8 오후 12:21:15,0,0,0,2,0,1,,0,1,4,3,2,1,1,1,0,0,0,1,1,1,3,1,4.0,1,1,1,1,1,2,3,2,0,0,0,0,0,3,0,1,
2020. 11. 8 오후 12:21:46,0,0,0,0,1,0,"SUGAR PLANET, 반 고흐 인사이드",0,0,1,1,2,2,3,1,2,0,2,1,4,1,1,1,1.0,5,1,1,1,2,3,0,2,0,0,0,0,0,1,0,1,좋아용
2020. 11. 8 오후 12:32:45,0,0,3,0,0,1,,1,2,3,0,2,0,2,3,3,0,6,2,2,2,2,2,2.0,2,2,1,1,1,0,3,4,0,0,0,0,0,4,0,3,굿
2020. 11. 8 오후 12:36:26,0,3,4,1,0,1,,1,1,3,3,2,0,1,0,0,1,1,1,6,1,1,1,1.0,1,1,1,1,1,4,2,1,1,0,0,0,0,5,0,1,없음
2020. 11. 8 오후 12:43:23,0,0,0,0,0,1,,1,0,3,3,6,2,2,0,2,0,4,1,2,1,2,1,2.0,5,1,1,2,2,1,3,2,0,0,0,0,0,5,0,1,웹툰을 특별전으로 만나볼수있어서 좋았습니다
2020. 11. 8 오후 12:46:27,1,0,2,0,0,1,,3,2,3,3,6,3,6,0,0,0,2,1,2,1,2,1,1.0,1,1,2,2,2,2,0,5,0,0,0,0,0,4,0,1,고생했어요 무빙건
2020. 11. 8 오후 12:50:02,0,2,0,1,1,1,,0,2,1,4,1,0,2,0,1,0,1,1,3,1,3,1,1.0,1,1,1,1,1,1,1,1,0,0,1,0,1,3,0,1,재밌었당
2020. 11. 8 오후 12:50:28,0,2,0,1,1,1,,1,2,1,0,1,2,2,4,2,1,2,2,7,2,1,1,2.0,3,2,3,1,2,2,5,1,0,0,0,-1,0,4,0,4,재미있었다:D
2020. 11. 8 오후 12:58:51,0,0,0,1,0,1,,4,0,4,4,1,2,4,0,0,1,6,5,2,5,3,5,,4,4,2,1,3,2,0,5,0,0,0,0,1,5,0,4,
2020. 11. 8 오후 1:08:08,0,2,0,1,0,1,,1,2,1,3,0,0,4,3,4,1,0,5,2,1,1,1,1.0,5,1,1,1,1,0,0,0,0,0,0,0,0,5,0,0,
2020. 11. 8 오후 1:14:49,0,0,0,0,0,1,,0,2,2,3,2,3,4,3,6,2,0,1,5,1,1,3,,1,1,1,1,1,1,6,5,0,0,0,0,1,5,0,0,
2020. 11. 8 오후 1:18:42,0,0,2,2,0,1,,1,2,1,5,1,2,0,4,4,1,5,1,6,1,1,1,1.0,1,1,1,1,1,2,1,1,0,0,0,0,0,5,1,0,
2020. 11. 8 오후 1:21:53,0,0,2,1,0,1,,0,1,1,3,0,3,6,0,3,1,5,1,0,1,1,1,2.0,5,1,1,1,2,2,6,1,0,0,0,0,1,2,0,2,"너무 좋아요 유미방 꾸며놓은거 진짜 최고b
"
2020. 11. 8 오후 1:24:50,0,0,3,1,0,1,,0,1,3,3,0,1,8,3,0,0,1,1,6,1,1,1,1.0,1,1,2,1,1,2,2,2,0,0,0,0,1,5,0,1,처음부터 열심히 보아서  그런지  딸이  시집간  느낌이 이런걸까 란 생각이 들었습니다
2020. 11. 8 오후 1:26:57,1,1,2,0,0,1,,1,1,2,3,17,1,1,3,6,2,4,2,2,1,1,1,1.0,1,1,1,1,1,3,3,2,1,0,0,0,1,5,0,0,유미를 더 많이 보주면 좋겠음  생각보다 유미가 많이 없음  
2020. 11. 8 오후 1:36:35,0,3,3,2,0,1,,0,1,0,0,2,0,2,0,0,0,1,2,1,2,2,1,2.0,5,5,3,3,3,0,2,2,0,0,0,0,0,5,0,3,잘봤어용
2020. 11. 8 오후 1:40:59,0,3,2,1,0,1,,1,1,3,0,0,0,3,4,6,1,1,5,2,4,5,5,3.0,4,4,1,2,2,2,1,2,0,0,0,0,1,4,0,5,
2020. 11. 8 오후 1:45:20,0,2,0,1,0,1,,0,0,1,2,0,2,3,3,4,0,1,1,6,1,1,1,1.0,1,1,1,1,1,0,4,6,0,0,0,0,0,4,0,0,재밌었다
2020. 11. 8 오후 1:59:13,0,2,0,1,0,1,,1,2,3,3,18,3,4,0,2,1,6,5,2,1,1,1,2.0,2,2,1,2,1,2,1,3,0,0,0,0,1,3,0,2,너무 행복했어요
2020. 11. 8 오후 2:03:39,0,2,0,1,0,1,,1,2,3,3,18,3,4,0,2,1,6,5,2,1,1,1,2.0,2,2,1,2,1,2,1,3,0,0,0,0,1,3,0,2,너무 행복했어요
2020. 11. 8 오후 2:07:18,0,0,2,0,0,1,,0,0,2,3,1,1,1,3,3,1,1,2,0,4,4,5,,4,5,3,2,2,3,1,1,1,0,0,0,1,3,0,1,웹툰캐릭터가 이렇게 사랑받는 문화가 참 흥미로워요 재밌었어요
2020. 11. 8 오후 2:11:12,0,2,0,1,0,1,,1,1,1,3,2,1,1,0,2,1,5,1,2,2,2,1,,1,1,1,2,1,2,3,0,0,0,0,0,0,3,0,4,
2020. 11. 8 오후 2:14:39,0,2,0,2,1,1,,2,0,5,3,1,1,2,0,3,0,1,5,0,5,4,5,,5,5,1,2,1,2,3,3,0,0,0,0,1,4,0,2,다음에 또 연다면 그때도 오고싶다!!
2020. 11. 8 오후 2:21:47,0,3,4,0,0,1,,1,2,3,3,19,0,0,3,5,1,6,4,1,5,4,4,4.0,4,4,2,4,2,0,3,4,1,0,0,0,1,2,0,0,즐겨 보는 웹툰 속 캐릭터들을 봏수있어서 좋았습니다
2020. 11. 8 오후 2:29:32,0,0,2,1,0,1,,0,0,1,3,2,0,1,0,2,1,6,2,2,1,1,1,4.0,1,1,2,2,2,0,1,4,0,0,0,0,0,5,0,3,
2020. 11. 8 오후 2:49:41,0,0,0,0,0,1,,3,2,3,3,2,0,5,3,4,1,2,1,2,1,1,1,1.0,5,1,1,2,2,4,1,3,0,0,0,0,1,1,0,0,세심하게 구성한 것이  느껴져요 굿즈가 늘었으면 좋겠어요
2020. 11. 8 오후 2:55:45,0,3,2,0,0,1,,1,0,1,3,2,2,1,0,5,1,6,1,2,1,1,1,4.0,1,1,1,4,3,0,3,5,0,0,0,0,1,5,0,0,너무 즐거웠어요
2020. 11. 8 오후 2:59:55,0,2,0,1,1,1,,0,0,2,3,0,0,2,1,0,0,0,1,1,1,1,1,1.0,1,1,1,2,1,1,1,6,0,0,0,0,0,3,0,0,웅이 잘생겼다
2020. 11. 8 오후 3:00:01,0,2,0,0,0,1,,3,2,1,3,0,0,3,0,3,1,0,1,1,1,1,1,1.0,1,1,2,2,2,1,1,4,0,0,0,0,1,3,0,3,세포들이 매우 귀여웠다
2020. 11. 8 오후 3:04:29,0,0,2,1,0,1,,2,0,1,3,2,2,6,3,4,0,1,4,1,4,5,5,4.0,4,4,2,3,2,0,3,6,1,0,0,0,1,5,0,1,재밌었다 실제로 구현된 세포들과 체험형전시가 좋았다
2020. 11. 8 오후 3:06:12,0,2,0,2,0,1,,0,0,2,3,1,2,5,3,0,1,2,1,3,1,1,1,1.0,1,1,1,1,1,1,0,1,0,0,0,0,1,1,0,1,
2020. 11. 8 오후 3:08:18,0,0,0,1,1,1,,0,0,1,0,2,0,1,0,0,1,2,5,0,5,5,5,2.0,5,5,4,4,5,1,1,4,0,0,0,0,0,4,0,1,
2020. 11. 8 오후 3:13:03,0,2,0,1,1,1,,2,0,2,3,2,0,2,0,3,1,0,5,2,5,4,4,4.0,4,4,3,2,1,3,3,4,0,0,0,0,1,3,0,2,재밌었다
2020. 11. 8 오후 3:16:52,0,0,2,0,0,1,,4,0,3,3,2,3,1,3,5,1,2,1,1,1,1,1,1.0,1,1,1,1,1,1,3,3,0,0,0,0,1,5,0,0,
2020. 11. 8 오후 3:26:57,0,0,0,0,0,1,,0,1,3,0,1,0,1,3,4,0,3,5,6,5,5,5,3.0,5,5,2,2,3,3,1,2,0,0,0,0,0,4,0,3,
2020. 11. 8 오후 3:27:42,1,0,2,0,0,1,,0,1,0,3,1,3,3,0,0,0,0,2,1,2,2,1,4.0,2,2,3,2,2,4,3,6,0,0,0,0,1,4,0,1,
2020. 11. 8 오후 3:39:29,0,0,2,0,0,1,,0,0,2,3,2,1,1,1,1,0,0,1,2,4,1,3,,2,2,3,4,1,1,3,6,0,0,0,0,1,5,0,1,
2020. 11. 8 오후 3:47:49,0,0,2,0,0,1,,1,2,1,3,2,0,1,3,0,1,1,1,1,1,1,1,5.0,1,3,1,3,3,3,3,0,0,0,0,0,0,5,0,1,
2020. 11. 8 오후 3:51:38,0,0,2,0,0,1,,1,1,1,3,2,2,1,0,3,0,6,2,2,3,2,2,5.0,3,3,1,3,3,1,3,5,0,0,0,0,0,5,0,0,
2020. 11. 8 오후 3:56:41,0,0,0,2,0,1,,0,1,3,4,1,3,4,0,2,1,1,5,1,1,1,1,,5,1,1,5,1,1,0,2,1,0,0,0,1,5,0,1,
2020. 11. 8 오후 3:59:54,0,0,0,1,0,1,,1,1,1,3,0,0,1,3,4,1,0,1,1,1,1,1,5.0,1,1,2,4,1,1,3,5,0,0,0,0,1,2,0,1,
2020. 11. 8 오후 4:00:38,0,0,0,0,0,1,,3,1,1,3,2,3,3,3,5,1,6,5,2,1,2,1,3.0,1,1,1,3,1,2,3,4,0,0,0,0,0,2,0,1,너므 좋았어요 
2020. 11. 8 오후 4:02:34,1,0,0,0,0,1,,3,2,1,3,2,3,4,0,4,0,1,4,3,5,1,1,5.0,1,1,4,5,5,5,6,3,0,0,1,0,1,5,0,3,
2020. 11. 8 오후 4:03:15,0,0,0,0,0,1,,3,1,1,3,2,3,0,3,5,1,3,1,2,1,1,1,1.0,5,1,1,4,1,1,3,0,1,0,0,0,0,5,0,1,
2020. 11. 8 오후 4:06:11,1,3,2,1,0,1,,1,0,3,3,2,3,6,4,6,2,1,1,1,1,3,1,5.0,2,1,2,4,3,1,6,3,0,0,0,0,1,5,0,0,
2020. 11. 8 오후 4:08:42,0,0,2,1,0,1,,1,0,3,3,1,0,1,0,1,0,1,2,6,2,3,2,3.0,3,3,3,3,3,2,4,3,0,0,1,0,1,3,0,4,
2020. 11. 8 오후 4:14:33,0,0,2,1,1,1,,0,1,1,0,2,0,1,3,3,1,2,1,2,1,1,1,1.0,1,1,1,1,1,1,1,1,0,0,0,0,0,1,0,3,
2020. 11. 8 오후 4:19:04,1,0,4,1,0,1,,0,0,4,3,1,0,0,0,0,1,2,2,6,1,3,1,2.0,2,2,2,4,3,3,3,3,0,0,0,0,1,5,0,0,
2020. 11. 8 오후 4:24:47,0,0,4,1,1,1,,0,3,3,3,6,1,1,1,1,2,6,5,2,1,1,1,1.0,1,1,1,5,3,0,3,2,0,0,0,0,0,4,0,1,유미는 늘 옳다
2020. 11. 8 오후 4:28:10,0,0,0,0,0,1,,0,0,1,3,1,2,1,0,1,0,3,4,2,1,1,1,1.0,1,1,2,4,1,1,2,1,0,0,1,0,1,2,0,0,
2020. 11. 8 오후 4:31:24,0,0,0,0,0,1,,0,1,1,3,2,0,6,0,2,1,2,2,6,1,1,1,1.0,4,1,4,4,2,1,3,1,0,0,0,0,0,2,0,4,재미있었다
2020. 11. 8 오후 4:34:54,1,3,2,1,0,1,,1,2,2,0,2,2,1,0,1,0,3,3,2,3,3,3,3.0,3,3,3,3,3,2,5,6,0,0,0,0,0,3,0,3,
2020. 11. 8 오후 4:39:02,0,0,0,0,0,1,,0,1,1,3,1,3,1,0,6,0,2,4,0,4,2,5,4.0,3,4,2,5,2,1,4,1,1,0,0,0,0,4,0,0,좋았어용
2020. 11. 8 오후 4:41:59,0,0,0,1,0,1,,0,2,3,3,0,0,1,3,0,0,3,5,2,1,1,1,3.0,2,1,3,3,2,3,3,6,0,0,0,0,0,5,0,1,
2020. 11. 8 오후 4:45:46,1,3,2,0,0,1,,0,1,3,3,2,3,4,0,6,0,6,1,1,2,2,1,,1,3,2,5,2,3,3,6,0,0,0,0,0,4,0,2,실제로 볼  수 있어  좋았습니다
2020. 11. 8 오후 4:49:39,0,3,2,1,1,1,,0,1,3,3,1,3,6,3,3,0,6,1,1,1,1,1,3.0,2,2,3,3,1,2,1,6,0,1,0,0,1,3,0,1,
2020. 11. 8 오후 4:54:35,0,2,0,0,0,1,,1,2,1,3,1,0,1,0,1,0,3,5,2,1,1,1,1.0,1,1,3,5,1,1,4,1,0,0,0,0,0,5,0,4,
2020. 11. 8 오후 4:57:05,0,2,0,1,0,1,,1,1,1,3,6,0,1,0,1,1,3,1,2,1,1,1,1.0,1,1,1,1,1,0,3,1,0,0,0,0,0,4,0,3,
2020. 11. 8 오후 4:59:31,0,2,0,0,0,1,,1,0,1,3,2,0,1,3,4,1,1,1,2,1,1,1,3.0,1,1,3,4,2,3,4,2,0,0,0,0,0,3,0,3,
2020. 11. 8 오후 5:15:52,0,0,2,1,1,0,반 고흐 인사이드,1,0,1,3,0,0,4,0,6,1,5,1,3,1,1,1,1.0,1,1,1,5,1,1,6,6,0,0,0,0,0,3,0,5,
2020. 11. 8 오후 5:20:17,0,0,2,0,0,1,,3,1,2,3,2,3,5,4,4,0,6,1,0,1,1,1,3.0,2,2,2,5,3,3,1,4,0,0,0,0,0,3,0,0,짱
2020. 11. 8 오후 5:25:47,0,0,0,1,0,1,,2,2,4,3,0,3,3,0,0,0,1,1,2,2,1,1,5.0,2,2,4,5,1,2,4,6,1,0,0,0,1,4,0,1,사진찍는 그 작가세포 부분 안됐어요ㅠㅠ 한참기다렸는데ㅜㅜ
2020. 11. 8 오후 5:33:21,0,3,2,2,0,1,,0,0,3,3,2,2,4,4,0,1,1,1,1,1,3,1,3.0,3,3,3,4,3,1,0,6,1,0,0,0,0,5,0,1,
2020. 11. 8 오후 5:35:57,0,0,0,1,0,1,,0,3,1,4,0,2,6,0,5,0,5,5,0,1,1,2,3.0,3,3,3,3,3,3,6,2,1,0,0,0,0,3,0,1,
2020. 11. 8 오후 5:41:44,0,2,0,1,0,1,,1,1,2,3,5,0,0,3,5,1,3,1,8,1,1,1,1.0,1,1,1,3,2,1,3,3,0,0,0,0,1,3,0,5,좋았다
2020. 11. 8 오후 5:44:57,0,2,0,0,0,1,,0,1,1,3,0,0,4,0,1,1,1,5,2,5,5,5,5.0,5,5,1,2,1,1,2,3,0,0,0,0,1,4,0,1,재밌었다
2020. 11. 8 오후 5:45:58,0,2,0,0,1,1,,3,2,1,3,0,3,4,0,2,1,2,5,2,3,3,5,3.0,5,5,2,3,1,0,4,1,0,0,0,0,0,1,0,0,재방문하고 싶을정도로 너무 만족스러웠다
2020. 11. 8 오후 5:47:31,0,2,0,2,0,1,,0,1,1,3,2,0,1,0,1,1,0,5,2,5,5,5,5.0,5,5,5,5,5,0,3,3,0,0,0,0,1,5,0,0,
2020. 11. 8 오후 5:53:38,0,0,0,1,0,1,,0,0,1,3,0,0,1,0,0,0,1,1,1,1,2,1,3.0,2,1,3,4,5,0,3,4,1,0,0,0,1,5,0,1,
2020. 11. 8 오후 5:59:47,0,0,0,0,0,1,,1,2,1,3,0,3,5,0,6,0,6,1,2,1,3,1,5.0,3,1,4,2,3,1,3,2,1,0,0,0,0,5,0,1,
2020. 11. 8 오후 6:06:06,0,3,2,2,1,0,"내 이름은 빨강머리 앤, 반 고흐 인사이드, 클림트 인사이드, 신인상모네 : 시광영적예술전, 반 고흐 : 10년의 기록 展, 반 고흐 미디어아트 : Very Yellow, Very Bright",2,0,4,3,2,1,1,3,6,1,1,1,4,1,1,2,1.0,2,2,2,4,2,1,5,3,0,0,0,0,0,4,0,0,"설문이 너무 길아요ㅠㅠ 순록아 최고 ㅇ.ㅇㅋ.ㅁ이도 최고 플
"
2020. 11. 9 오전 10:57:37,0,0,2,1,0,1,,1,1,5,3,1,3,4,0,2,0,0,1,1,1,1,1,1.0,1,1,1,1,1,0,3,2,0,0,0,0,1,5,0,1,
2020. 11. 9 오전 11:14:52,0,3,3,1,0,0,ALICE : Into the Rabbit Hole,1,2,1,4,5,3,1,0,2,1,2,4,2,4,4,4,4.0,4,4,1,1,1,4,3,4,0,0,0,0,0,4,0,4,"재밌ㄱ
엇어요"
2020. 11. 9 오전 11:18:57,0,3,2,0,0,1,,1,1,3,0,1,2,0,3,0,1,2,4,2,5,2,2,2.0,4,4,1,1,1,2,3,5,0,0,1,0,1,3,0,4,유미세포들 너무좋았어오
2020. 11. 9 오전 11:28:28,0,0,0,1,1,1,,0,1,0,3,2,1,1,0,1,1,0,5,4,5,4,5,5.0,5,5,4,1,1,2,3,4,0,0,0,0,1,4,0,1,잘가유미야
2020. 11. 9 오전 11:33:10,0,0,2,1,0,1,,1,1,1,3,2,3,1,3,0,1,0,1,0,1,1,1,,4,1,1,1,1,1,3,2,0,0,0,0,1,4,0,1,
2020. 11. 9 오전 11:47:06,0,0,1,0,1,1,,0,0,0,3,2,1,1,0,2,0,6,4,2,4,3,4,2.0,4,4,2,1,4,4,2,2,0,0,0,0,1,5,0,1,좋았어요
2020. 11. 9 오후 12:05:44,1,0,0,0,0,1,,3,2,3,0,2,3,3,0,3,0,0,4,2,4,4,4,4.0,4,4,4,4,4,1,1,2,1,0,0,0,1,3,0,2,굳
2020. 11. 9 오후 12:24:08,0,2,0,1,0,1,,0,2,1,3,1,2,5,0,2,0,0,1,3,1,1,1,1.0,2,2,3,3,3,2,0,4,0,0,0,0,1,3,0,0,그 속에  들어간  것 같았다
2020. 11. 9 오후 12:25:56,0,0,2,1,0,1,,0,2,3,6,2,3,0,0,3,0,0,4,5,4,4,4,4.0,4,4,4,4,4,1,4,6,0,0,0,0,0,3,0,0,굳
2020. 11. 9 오후 12:28:29,1,3,2,1,0,1,,2,0,3,3,1,3,0,0,5,0,1,4,1,4,4,4,3.0,4,4,2,2,2,1,3,2,0,0,0,0,0,4,0,1,굳
2020. 11. 9 오후 12:30:55,0,0,0,1,1,1,,0,0,1,0,2,2,3,0,0,1,0,1,3,4,4,5,4.0,4,5,4,2,2,0,3,2,0,0,0,0,0,5,0,1,
2020. 11. 9 오후 12:32:29,0,0,0,1,1,1,,1,0,1,0,1,1,2,3,0,0,4,4,2,5,5,5,5.0,5,5,4,5,5,1,2,1,0,0,0,0,1,5,0,2,
2020. 11. 9 오후 12:34:01,0,2,0,0,0,1,,0,0,1,3,0,3,5,3,4,0,0,1,3,1,1,2,1.0,2,1,2,1,1,3,3,1,0,0,0,0,0,4,0,1,
2020. 11. 9 오후 12:46:34,0,3,4,0,0,1,,0,2,1,0,20,3,0,3,0,2,1,2,1,2,1,3,4.0,2,2,1,1,2,1,3,5,1,0,0,0,1,5,0,3,이거  보고  무민전시도  가고싶어짐
2020. 11. 9 오후 1:15:56,0,0,0,0,0,1,,0,1,1,3,0,3,1,3,3,1,5,1,3,1,1,1,1.0,5,1,1,1,1,0,5,2,0,0,0,0,0,5,0,1,너무 좋아요
2020. 11. 9 오후 1:18:33,0,0,4,1,1,1,,0,0,1,0,1,0,0,0,3,2,1,1,0,1,1,1,4.0,1,1,1,1,1,3,4,2,0,0,0,0,0,5,0,1,굿
2020. 11. 9 오후 1:41:30,0,3,2,2,0,1,,4,1,2,3,2,2,1,0,1,1,5,1,1,1,3,1,1.0,3,3,1,1,1,1,3,1,1,0,0,0,1,4,0,3,
2020. 11. 9 오후 1:50:47,0,0,2,1,1,1,,0,1,0,0,0,3,0,3,4,1,1,1,0,1,1,1,3.0,1,1,1,1,1,1,4,2,0,0,0,0,1,5,0,3,♥
2020. 11. 9 오후 1:52:22,0,0,2,1,0,1,,3,0,1,2,2,0,5,0,4,0,2,1,2,1,1,1,1.0,1,1,1,1,1,0,3,0,0,0,1,0,0,5,0,3,♥♥♥
2020. 11. 9 오후 2:29:34,0,0,2,1,0,1,,0,0,0,3,2,3,3,1,8,1,6,1,0,1,2,1,1.0,1,1,2,1,1,0,1,4,0,0,0,0,1,3,0,1,웹툰 재밌게 보고 완결 한 후에 방문했는데 정주행 하거 싶어졌어요
2020. 11. 9 오후 2:33:11,0,0,0,0,1,1,,1,2,1,3,2,0,4,1,2,1,6,1,2,1,1,1,2.0,1,1,2,1,1,0,1,1,1,0,0,1,0,5,0,0,10년 연재 더 해줘요..........
2020. 11. 9 오후 2:37:36,0,0,0,1,0,1,,0,0,1,4,1,1,1,0,2,0,6,1,1,1,1,1,2.0,1,1,2,2,1,0,2,1,1,0,0,1,0,5,0,0,왜 벌써 완결난거죠..?ㅠㅠㅠ
2020. 11. 9 오후 2:40:34,1,0,0,1,0,1,,0,2,3,3,1,3,4,0,6,0,1,2,4,2,2,1,2.0,2,2,2,2,2,0,6,5,1,0,0,0,1,3,0,1,"Good
"
2020. 11. 9 오후 2:44:05,1,0,0,1,0,1,,1,1,3,3,2,0,1,3,3,1,2,1,2,1,1,1,1.0,3,1,1,1,1,0,3,4,0,0,0,0,0,3,0,0,재밋엇다
2020. 11. 9 오후 2:49:53,0,3,4,0,0,1,,1,1,3,3,1,0,5,3,6,0,1,5,4,1,1,1,2.0,5,2,1,4,1,1,3,1,0,0,0,0,0,4,0,2,이동건 작가님 고생많으셨어요!! 포유미♥
2020. 11. 9 오후 3:15:45,1,0,0,1,0,1,,1,2,3,0,0,2,0,4,0,1,3,1,2,1,1,1,1.0,1,1,1,3,1,1,3,0,0,0,0,0,0,1,0,3,
2020. 11. 9 오후 3:17:50,0,0,2,2,1,0,ALICE : Into the Rabbit Hole,4,2,3,0,0,2,1,0,2,1,6,1,2,1,1,1,1.0,3,1,1,1,1,2,0,3,0,0,0,0,0,4,0,1,
2020. 11. 9 오후 3:32:31,0,0,0,1,0,1,,1,0,3,1,0,2,2,3,0,1,2,2,1,2,1,2,3.0,2,1,1,1,1,2,2,2,0,0,0,0,0,5,0,1,넘귀엽다
2020. 11. 9 오후 3:44:52,0,0,2,0,1,1,,1,1,3,3,2,3,1,0,0,1,6,5,2,1,1,1,3.0,4,1,3,3,2,0,3,1,0,0,0,0,1,3,0,1,
2020. 11. 9 오후 3:46:41,1,3,2,0,0,1,,1,1,3,3,1,3,4,3,0,1,1,1,2,1,1,1,2.0,1,1,1,1,1,1,1,1,0,0,0,0,1,3,0,2,쪼아요!!!!!!
2020. 11. 9 오후 3:48:44,0,0,2,1,0,1,,0,0,1,3,1,0,2,1,5,2,6,1,1,1,1,1,1.0,5,1,1,1,1,2,3,4,0,0,0,0,1,5,0,1,너무 좋아요 유미야 사랑해
2020. 11. 9 오후 3:52:35,0,0,0,0,0,1,,1,1,1,3,0,0,3,3,5,1,1,1,1,1,1,1,1.0,5,1,1,1,1,2,1,4,0,0,0,0,1,5,0,1,"너무 행복했습니다
"
2020. 11. 9 오후 3:52:58,0,0,0,0,0,1,,0,1,1,3,2,0,1,3,0,1,6,1,1,1,1,1,1.0,1,1,1,3,1,0,3,0,0,0,0,0,0,3,0,3,
2020. 11. 9 오후 4:04:23,0,0,0,0,0,1,,1,1,1,3,0,0,0,3,4,1,1,5,2,5,5,5,,5,3,1,5,1,1,1,1,0,0,0,0,0,4,0,4,
2020. 11. 9 오후 4:13:14,0,2,0,1,1,1,,0,0,3,3,1,0,1,3,4,0,6,1,6,1,1,1,,2,1,3,2,1,1,3,2,1,0,0,0,0,4,0,1,
2020. 11. 9 오후 4:24:45,0,2,0,1,0,1,,2,3,2,3,2,0,5,0,6,1,4,5,8,5,5,5,1.0,5,5,5,3,3,3,0,1,1,1,1,0,0,3,1,2,네
2020. 11. 9 오후 4:31:34,0,0,2,1,0,1,,1,2,3,3,1,2,1,0,2,0,6,1,2,1,1,1,1.0,1,1,1,1,1,0,6,3,0,0,0,1,1,3,0,2,귀여워요♥♥
2020. 11. 9 오후 4:36:25,0,0,0,1,1,1,,1,2,1,3,2,0,1,3,2,1,6,5,2,5,5,4,4.0,4,4,2,2,2,3,1,3,0,0,-1,-1,0,3,0,3,최고
2020. 11. 9 오후 4:39:34,0,0,0,1,0,1,,1,0,1,3,2,0,3,3,4,0,1,5,2,1,1,1,1.0,1,2,1,2,1,1,3,6,0,0,0,1,0,4,0,3,유미야 사랑해
2020. 11. 9 오후 4:51:45,1,0,0,1,1,1,,0,0,1,3,0,3,3,3,0,1,1,1,1,1,1,4,4.0,1,1,1,1,1,0,3,5,1,0,0,1,1,4,0,0,굳
2020. 11. 9 오후 4:55:15,0,0,0,1,1,1,,0,0,1,0,5,2,4,0,2,1,6,1,6,1,1,1,5.0,2,1,2,2,1,3,6,3,0,0,0,0,0,5,0,1,쌉존잼
2020. 11. 9 오후 5:01:05,1,3,2,1,0,1,,0,1,5,0,0,3,0,0,2,1,6,4,2,4,4,5,1.0,3,4,3,3,3,0,4,5,0,0,0,0,1,2,0,3,
2020. 11. 9 오후 5:12:54,0,0,0,1,0,1,,2,0,1,3,21,2,0,0,2,1,2,5,7,5,5,5,5.0,5,5,1,1,1,2,4,1,1,0,0,0,0,4,0,1,세포들 너무 귀엽고 나의 프라임세포를 알 수 있어서 좋았다
2020. 11. 9 오후 5:15:06,0,0,0,1,0,1,,0,0,1,3,0,3,2,0,5,0,4,1,7,1,1,1,1.0,1,1,1,1,1,2,2,1,0,0,0,0,0,4,0,1,","
2020. 11. 9 오후 5:18:47,0,3,2,0,0,1,,3,2,1,3,1,0,3,3,5,1,0,5,2,1,1,3,3.0,5,1,2,2,3,4,3,1,0,0,0,0,1,5,0,1,좋아영
2020. 11. 9 오후 5:21:11,0,3,2,1,0,1,,0,0,1,3,2,3,3,3,0,1,1,5,2,5,5,5,5.0,5,5,1,1,1,1,3,4,0,0,0,0,0,5,0,1,
2020. 11. 9 오후 5:21:47,0,0,0,1,0,1,,0,0,1,3,0,0,0,0,6,0,6,5,1,5,5,5,4.0,5,5,2,4,1,2,3,1,0,0,0,0,0,5,0,1,
2020. 11. 9 오후 5:25:17,0,0,0,1,0,1,,1,0,1,3,6,2,1,0,2,0,2,1,2,1,3,1,2.0,1,1,1,1,1,1,1,1,0,0,0,0,0,5,0,1,
2020. 11. 9 오후 5:28:21,1,3,2,1,0,1,,0,0,3,2,0,2,0,0,1,2,6,1,2,1,1,1,1.0,3,2,1,1,1,0,3,2,0,0,0,0,0,2,0,3,
2020. 11. 9 오후 5:31:47,1,3,3,2,0,1,,1,2,3,0,1,3,3,0,0,1,6,5,6,1,1,1,1.0,4,3,3,1,1,3,6,1,0,0,0,0,0,3,0,0,
2020. 11. 9 오후 5:34:49,0,3,3,0,0,1,,0,0,3,3,2,2,4,3,3,1,1,1,0,1,1,1,1.0,2,1,1,1,1,0,0,1,0,0,0,0,0,5,0,4,
2020. 11. 9 오후 5:49:09,0,0,0,1,0,1,,0,0,1,3,0,3,6,1,4,0,6,1,1,1,1,1,1.0,1,1,1,1,1,2,1,2,1,0,0,0,1,3,0,0,
2020. 11. 9 오후 5:50:49,0,0,0,0,0,1,,0,0,1,0,0,2,4,0,0,1,5,1,2,1,1,1,1.0,1,1,1,1,1,1,1,2,0,0,0,0,1,4,0,0,
2020. 11. 9 오후 5:54:31,0,0,0,1,0,1,,0,0,1,3,2,0,0,0,2,1,1,1,2,1,1,1,4.0,2,2,1,2,1,4,6,5,0,0,0,0,0,3,0,0,좋아요
2020. 11. 9 오후 6:04:57,0,3,2,1,0,1,,0,0,3,3,2,2,1,3,0,0,6,1,1,1,1,1,1.0,1,1,1,1,1,2,1,2,0,0,0,0,1,2,0,1,너무 행복했습니다!
2020. 11. 9 오후 6:18:35,1,0,0,1,0,1,,1,1,3,0,2,0,0,3,1,0,3,1,2,1,1,1,1.0,1,1,1,1,1,0,3,0,0,0,0,0,0,1,0,3,굿
2020. 11. 10 오전 11:29:59,0,0,0,1,0,1,,0,3,4,5,0,2,3,0,2,0,3,1,6,1,1,1,1.0,1,1,1,1,1,4,3,6,0,0,0,0,0,3,0,5,
2020. 11. 10 오전 11:32:47,0,0,0,1,1,0,내 이름은 빨강머리 앤,0,2,1,0,0,2,2,0,6,0,3,5,2,5,5,5,5.0,5,5,2,1,1,4,2,6,0,0,0,0,0,5,0,1,
2020. 11. 10 오전 11:34:49,0,0,0,0,0,1,,0,0,1,2,2,2,3,0,2,2,0,1,2,1,2,1,1.0,1,1,1,1,1,1,3,1,0,0,0,0,1,5,0,1,재밌당
2020. 11. 10 오전 11:35:49,0,0,0,1,0,1,,1,0,2,6,0,0,3,3,3,0,1,4,0,3,5,5,3.0,4,4,1,1,1,0,0,2,1,0,0,0,1,4,0,2,
2020. 11. 10 오후 12:18:02,0,1,1,1,0,1,,1,0,1,3,1,0,0,3,0,0,2,5,0,5,5,5,4.0,4,5,2,2,2,3,4,1,0,0,0,0,0,5,0,3,재미이다
2020. 11. 10 오후 1:00:13,0,0,0,1,0,1,,1,0,5,3,0,0,0,0,5,1,6,4,2,1,1,1,1.0,5,1,1,1,1,0,3,4,0,0,0,0,0,3,0,1,
2020. 11. 10 오후 1:02:04,0,0,0,2,1,0,내 이름은 빨강머리 앤,0,1,4,0,2,3,1,0,0,1,5,1,2,1,1,1,1.0,1,1,1,1,1,4,4,0,0,0,0,0,1,3,0,0,
2020. 11. 10 오후 1:29:04,0,0,0,1,0,1,,1,1,1,3,0,0,0,1,1,1,6,1,1,1,1,1,1.0,5,5,3,2,2,2,3,0,0,0,0,0,1,3,0,1,아이 러브 유미
2020. 11. 10 오후 1:29:37,0,0,0,1,1,1,,0,1,1,1,0,3,4,3,2,0,2,1,2,1,1,1,1.0,1,1,1,1,1,3,5,5,0,0,0,0,1,3,0,0,
2020. 11. 10 오후 1:35:56,0,0,2,1,0,1,,1,1,3,3,6,0,1,3,3,1,2,2,2,2,2,3,2.0,2,2,2,1,2,4,2,1,0,0,0,0,1,3,0,1,
2020. 11. 10 오후 1:37:16,1,0,2,0,1,1,,1,2,3,3,1,0,1,3,4,0,6,1,2,1,1,1,1.0,2,2,3,2,2,1,3,1,0,0,0,0,1,4,0,2,
2020. 11. 10 오후 2:04:55,0,0,0,0,0,1,,1,0,1,3,1,2,2,1,1,0,6,1,2,1,1,1,1.0,1,1,1,1,1,1,3,3,0,0,0,0,0,3,0,3,
2020. 11. 10 오후 2:43:30,0,0,2,1,1,1,,0,0,3,0,2,1,1,2,0,0,0,4,2,4,4,4,2.0,2,2,2,2,2,0,4,0,1,0,0,0,1,3,0,3,
2020. 11. 10 오후 3:03:31,0,3,4,0,0,1,,1,1,0,3,2,3,3,3,0,1,0,3,8,4,3,3,3.0,3,3,3,3,3,0,0,4,0,0,0,0,1,3,0,2,"감사합니다
"
2020. 11. 10 오후 3:28:58,0,0,2,1,0,1,,0,1,1,3,0,3,6,3,0,0,6,4,0,1,1,1,1.0,5,1,3,3,3,0,4,3,1,0,0,0,1,3,0,3,
2020. 11. 10 오후 3:33:55,0,0,0,0,1,1,,1,2,3,3,6,0,1,0,6,1,6,2,2,1,2,2,2.0,2,2,2,4,3,2,0,3,1,0,0,0,1,5,0,1,좋아요 무빙건
2020. 11. 10 오후 3:38:18,1,0,0,1,0,1,,0,1,3,3,1,1,1,1,5,0,5,5,8,1,1,1,1.0,5,1,1,1,1,2,1,2,0,0,0,0,1,4,0,3,웹툰에서만 보던 친구들을 실물로 본 기분   행복해요
2020. 11. 10 오후 3:40:45,1,0,0,0,0,1,,1,2,3,3,1,1,1,0,0,0,6,2,2,2,3,2,2.0,3,3,3,3,3,1,3,4,0,0,0,1,0,4,0,2,
2020. 11. 10 오후 3:42:43,0,0,0,0,0,1,,0,1,3,3,2,0,3,0,1,1,5,1,1,1,1,1,1.0,3,2,1,2,1,2,1,2,0,0,0,1,1,2,0,3,
2020. 11. 10 오후 3:50:22,0,0,2,1,0,1,,0,1,4,3,2,0,4,0,0,1,0,1,1,1,1,1,1.0,1,1,1,2,1,2,3,3,0,0,0,0,0,4,0,1,최고
2020. 11. 10 오후 3:50:27,0,0,4,1,0,1,,0,0,1,3,1,1,3,4,2,0,1,1,3,1,3,1,1.0,1,1,1,1,1,1,1,1,0,0,0,0,1,4,0,4,
2020. 11. 10 오후 4:05:12,0,0,0,0,0,1,,2,0,7,3,2,2,1,0,2,1,1,1,1,1,1,1,4.0,1,1,1,1,1,2,3,5,1,0,0,0,0,4,0,0,
2020. 11. 10 오후 4:11:54,0,2,0,0,0,1,,3,0,2,0,2,2,2,3,3,2,4,2,6,1,2,2,,2,2,3,1,1,5,2,6,1,0,0,0,1,3,0,3,전시를 처음 와봤는데 꽤 재밌엄ㅅ다
2020. 11. 10 오후 4:16:31,0,0,2,0,0,1,,0,1,1,3,0,0,0,4,2,0,1,2,1,2,2,2,2.0,2,2,2,2,2,3,1,2,1,0,0,0,1,4,0,0,좋았다
2020. 11. 10 오후 4:21:48,0,0,4,2,1,1,,2,0,1,0,2,0,1,0,0,0,1,2,2,2,1,2,3.0,4,2,2,1,1,1,1,6,1,0,1,0,1,5,0,0,너무흥미로웠어요. 웹툰 다시보고싶어요
2020. 11. 10 오후 4:29:49,0,3,4,0,0,1,,0,1,0,0,0,0,6,2,0,0,2,1,3,1,1,2,1.0,1,1,1,1,1,4,4,3,0,0,0,0,0,3,0,5,
2020. 11. 10 오후 4:38:17,0,0,0,1,0,1,,0,2,1,3,0,0,4,3,6,0,1,1,1,1,1,1,2.0,1,1,3,2,1,3,2,3,0,0,0,0,1,5,0,1,굳
2020. 11. 10 오후 4:42:29,0,0,0,0,0,1,,2,0,1,3,2,0,3,0,3,1,1,1,1,1,1,1,1.0,5,1,3,3,3,1,2,1,1,0,0,0,1,5,0,1,
2020. 11. 11 오후 12:11:49,0,0,2,1,0,1,,0,2,1,3,1,0,3,3,0,0,4,1,3,1,1,1,2.0,5,1,1,1,1,1,3,2,1,0,0,0,1,1,0,0,너무즐겁게봤어용
2020. 11. 11 오후 12:13:02,0,0,0,1,1,1,,1,2,1,3,2,0,0,3,0,0,1,1,2,1,1,1,1.0,1,1,1,1,1,1,2,1,0,0,0,0,1,5,0,0,힐링되는 시간이었다!
2020. 11. 11 오후 12:23:24,1,0,0,0,1,1,,0,0,1,0,1,1,1,0,2,2,6,4,1,4,4,4,,4,4,1,1,1,4,1,2,0,0,0,0,1,2,0,0,좋았습니당!
2020. 11. 11 오후 12:23:42,1,0,0,1,1,1,,0,1,1,3,2,2,4,0,5,1,0,5,1,5,5,5,4.0,4,5,2,2,2,3,3,5,1,0,0,0,0,5,0,2,좋아하는 작가의 웹툰을 특별전이라는 경험울 할 수 있게 만들어 주어 좋았고 이런 기회가 많아지기를 바란다~~
2020. 11. 11 오후 12:34:12,0,0,0,1,1,1,,2,0,1,3,1,3,6,0,6,0,0,1,4,1,1,1,1.0,1,1,1,1,1,1,3,6,0,0,0,0,0,5,0,2,
2020. 11. 11 오후 12:34:16,1,0,0,0,0,1,,0,2,3,3,2,0,0,1,5,1,2,1,2,1,1,1,1.0,1,1,1,1,1,0,3,2,0,0,0,0,0,3,0,0,좋았습니다
2020. 11. 11 오후 12:42:17,0,0,2,0,0,1,,1,1,1,0,1,0,1,3,4,1,1,1,2,1,1,1,1.0,5,5,1,1,1,4,3,1,0,0,0,0,0,3,0,2,"유미의세포들짱
"
2020. 11. 11 오후 12:43:18,0,0,2,0,0,1,,1,0,1,3,0,1,1,1,2,0,1,5,2,1,2,1,4.0,1,1,1,1,1,2,2,1,1,0,0,0,0,3,0,5,
2020. 11. 11 오후 12:47:18,0,0,0,0,0,1,,0,2,3,3,0,3,6,1,1,1,1,2,1,2,1,1,1.0,1,1,1,1,1,4,3,4,1,0,0,0,1,5,0,1,
2020. 11. 11 오후 12:47:19,1,0,0,0,0,1,,0,2,3,3,0,0,1,0,0,1,2,1,1,1,1,1,3.0,1,1,1,1,1,4,3,3,0,0,0,0,1,4,0,1,재밌었습니다!!
2020. 11. 11 오후 1:02:07,1,0,0,2,0,1,,1,0,3,3,1,0,1,3,4,1,6,5,1,5,5,5,5.0,5,5,1,1,1,1,4,2,0,0,0,1,0,4,0,1,굳!!!
2020. 11. 11 오후 1:07:19,0,0,0,2,0,1,,3,2,3,0,1,3,4,3,4,1,4,1,4,1,1,1,1.0,1,1,1,1,1,1,3,6,0,0,0,1,0,1,0,1,"듣기만한 작품에 관심이 생겼다 ~
정성들여 만드신게 보여 멋있었다!!"
2020. 11. 11 오후 1:22:45,0,3,3,2,0,1,,2,1,1,3,0,0,3,0,5,1,0,1,1,1,2,1,1.0,1,1,1,1,1,1,1,3,0,0,0,0,0,3,0,1,훌륭한 전시였어요
2020. 11. 11 오후 1:27:59,0,0,0,0,1,1,,0,1,3,3,0,0,3,1,2,1,1,1,1,2,4,2,,4,4,2,1,1,2,0,1,1,0,0,0,1,5,0,0,
2020. 11. 11 오후 1:30:37,1,0,2,0,0,1,,0,1,3,3,1,0,4,3,4,2,1,2,2,2,2,4,,2,3,1,1,1,1,3,0,1,1,0,0,1,3,1,2,
2020. 11. 11 오후 1:35:05,0,0,0,2,1,1,,0,3,3,3,2,2,0,3,0,1,2,1,1,1,2,2,3.0,1,1,1,1,1,4,3,2,0,0,0,0,0,5,0,2,
2020. 11. 11 오후 1:53:36,0,0,0,0,0,1,,1,1,1,3,1,2,4,4,4,2,4,1,6,1,2,1,,2,2,1,1,1,2,2,5,1,0,-1,-1,1,5,0,1,
2020. 11. 11 오후 2:00:36,0,3,3,2,0,1,,1,0,1,2,1,3,0,3,5,1,2,5,2,5,5,3,2.0,3,4,3,2,1,2,3,1,0,0,0,0,1,3,0,1,"즐거웠다
"
2020. 11. 11 오후 2:05:05,0,0,0,0,0,1,,3,2,1,1,0,2,4,3,3,0,1,1,3,1,1,2,3.0,4,4,4,2,1,2,2,4,0,0,0,0,1,3,0,1,
2020. 11. 11 오후 2:13:39,0,0,2,0,0,1,,0,0,1,3,2,0,0,1,3,0,2,4,6,4,5,4,2.0,4,4,3,3,2,5,3,2,1,0,0,0,0,3,0,3,
2020. 11. 11 오후 2:19:44,0,0,4,1,0,1,,0,1,1,5,1,0,2,3,4,0,4,4,0,3,3,4,5.0,2,4,2,2,3,5,4,6,1,1,0,0,0,4,1,0,
2020. 11. 11 오후 2:45:26,0,0,4,1,0,1,,1,1,1,3,0,0,2,3,5,1,1,3,2,2,1,3,3.0,3,3,2,1,3,1,3,4,1,0,0,0,1,5,0,1,
2020. 11. 11 오후 2:45:32,0,0,4,1,0,1,,1,1,1,3,0,0,2,3,5,1,1,3,2,2,1,3,3.0,3,3,2,1,3,1,3,4,1,0,0,0,1,5,0,1,
2020. 11. 11 오후 2:46:15,0,0,4,2,0,1,,1,1,1,9,2,0,0,3,4,1,1,1,2,1,1,2,2.0,2,2,3,1,1,2,3,6,0,0,0,0,1,5,0,1,꿀잼
2020. 11. 11 오후 3:06:39,0,1,2,0,0,1,,3,1,0,3,2,0,1,3,5,1,1,1,0,1,1,1,1.0,1,1,1,1,1,3,4,2,1,0,0,0,0,5,0,3,아~맞다!를  연발했어요. 재밌었어요
2020. 11. 11 오후 3:08:50,1,3,2,0,0,1,,1,1,3,3,2,2,1,0,1,1,3,1,2,1,4,2,5.0,1,1,1,1,1,2,3,2,0,0,0,0,0,5,0,4,포유미!!
2020. 11. 11 오후 3:10:22,0,0,0,0,0,1,,0,1,1,3,0,0,3,3,4,0,1,1,6,1,1,1,1.0,1,1,1,1,1,1,3,4,0,0,0,0,0,2,0,1,
2020. 11. 11 오후 3:13:01,0,0,0,0,0,1,,1,1,1,3,0,0,4,3,4,1,5,5,2,5,5,5,3.0,4,5,2,2,2,2,2,1,1,0,0,0,1,2,0,1,
2020. 11. 11 오후 3:15:00,0,0,2,0,0,1,,1,1,3,3,2,0,1,3,1,0,3,1,2,1,1,1,1.0,1,1,1,1,1,0,4,1,0,0,0,0,1,5,0,1,
2020. 11. 11 오후 3:17:17,0,3,2,0,0,1,,1,1,1,3,1,1,1,1,0,1,1,5,1,5,3,4,3.0,3,3,3,5,2,3,3,6,0,0,0,0,1,4,0,0,사람이 많고 혼자 오면 재미없다  안내원 부족 (bts팝업스토어 직원 서비스 참고 요)
2020. 11. 11 오후 3:24:09,1,0,2,1,0,0,"반 고흐 인사이드, 반 고흐 : 10년의 기록 展",2,2,3,3,0,3,0,3,4,1,0,5,1,5,5,5,4.0,4,5,3,4,4,4,6,5,0,0,0,0,1,4,0,0,새로운 방법의 전시라 인상깊었습니다.
2020. 11. 11 오후 3:27:13,0,0,0,0,0,1,,0,2,1,3,0,2,2,0,5,1,1,5,6,1,1,1,3.0,3,3,2,3,3,2,6,0,0,0,0,-1,0,4,0,1,
2020. 11. 11 오후 3:28:13,0,0,0,0,0,1,,1,2,1,3,1,2,5,0,0,1,2,1,4,1,1,1,1.0,5,1,2,2,2,1,4,4,0,0,0,0,0,4,0,0,
2020. 11. 11 오후 3:32:54,0,0,0,1,1,1,,2,1,4,0,6,0,1,4,0,1,6,5,2,5,5,5,4.0,5,5,2,1,2,0,2,2,0,0,0,0,1,4,0,0,너무 재밌는 시간이였습니다.
2020. 11. 11 오후 3:33:46,1,0,0,0,0,1,,0,2,3,0,6,3,4,2,6,1,5,1,6,2,2,2,2.0,2,1,1,1,1,0,2,2,0,0,0,0,1,5,0,5,♥♥♥
2020. 11. 11 오후 3:38:34,0,0,2,1,0,1,,2,3,1,3,2,0,4,0,2,1,1,4,5,4,4,2,2.0,3,3,4,3,3,5,6,0,1,1,0,0,1,4,1,1,
2020. 11. 11 오후 3:40:35,0,0,2,1,0,1,,1,0,1,3,2,2,0,0,0,0,2,3,8,3,2,4,2.0,3,3,2,3,4,3,1,1,1,0,0,0,1,3,0,3,재밌어요
2020. 11. 11 오후 3:49:34,0,0,0,1,1,1,,1,1,3,3,1,1,1,0,2,1,2,5,2,4,3,5,4.0,5,4,3,1,1,1,3,6,1,0,0,1,1,4,0,2,너무좋았어요
2020. 11. 11 오후 3:50:24,1,0,0,0,0,1,,1,2,3,3,0,3,4,0,2,0,0,1,2,1,1,1,1.0,1,1,2,1,1,4,3,3,0,0,0,1,1,3,0,1,재밋엇어요
2020. 11. 11 오후 4:02:02,0,0,0,0,0,1,,1,2,3,3,0,2,0,0,6,1,1,2,1,1,3,1,,2,2,2,2,2,1,3,1,0,0,0,0,0,4,0,1,
2020. 11. 11 오후 4:06:18,1,0,2,1,1,0,"내 이름은 빨강머리 앤, 반 고흐 인사이드",0,0,3,3,2,0,3,3,0,0,0,1,1,1,1,1,1.0,5,1,1,1,1,1,1,2,0,0,0,0,0,5,0,3,
2020. 11. 11 오후 4:13:39,0,3,1,0,0,1,,0,0,1,3,0,2,2,3,4,1,1,5,1,4,5,4,4.0,4,4,2,2,2,1,3,2,0,0,0,0,0,5,0,3,
2020. 11. 11 오후 4:20:24,0,3,2,0,0,1,,1,1,0,3,1,3,0,1,5,0,1,1,4,1,2,1,,2,1,1,1,1,0,0,2,0,0,0,0,1,5,0,1,응큼이 왕 큰 피규어 있어서 넘 좋았어요
2020. 11. 11 오후 4:25:27,0,0,2,1,1,1,,3,1,1,3,1,0,0,1,5,2,1,2,0,2,2,3,2.0,2,1,4,4,3,2,1,3,1,0,0,0,1,1,0,0,현실감이 더 너졌다
2020. 11. 11 오후 4:27:47,0,0,2,1,0,1,,0,0,1,3,2,1,1,3,0,1,0,1,2,2,2,3,4.0,3,2,2,2,2,2,3,5,1,0,0,0,0,3,0,0,.
2020. 11. 11 오후 4:38:02,1,0,0,0,0,1,,0,1,3,0,6,1,0,1,1,1,1,1,2,1,1,1,1.0,1,1,4,1,3,1,3,1,0,0,0,0,0,4,0,3,이동건작가 화이팅
2020. 11. 11 오후 4:44:40,0,0,0,0,0,1,,0,0,1,3,2,0,1,0,0,2,0,5,2,5,5,5,5.0,5,5,1,2,3,2,0,0,0,0,0,0,0,4,0,3,
2020. 11. 11 오후 4:48:25,0,0,0,0,0,1,,1,0,1,3,0,3,4,3,6,2,6,1,2,1,1,1,1.0,1,1,1,2,1,4,1,1,0,0,0,0,0,5,0,1,
2020. 11. 11 오후 4:52:26,1,3,3,1,1,1,,2,0,4,4,2,3,3,0,2,2,4,1,2,1,1,1,1.0,1,1,1,2,1,2,3,3,0,0,0,0,1,2,0,2,좋은시간이엿어요
2020. 11. 11 오후 4:56:30,1,2,0,1,0,1,,1,2,3,3,6,3,2,2,6,1,1,5,2,1,1,1,1.0,5,1,3,1,1,2,4,1,0,0,0,0,0,3,0,1,"재밌었어요
"
2020. 11. 11 오후 5:06:01,0,0,0,0,0,1,,0,2,1,3,0,2,0,0,2,0,4,1,2,1,1,1,1.0,1,1,1,1,1,1,2,2,0,0,0,0,0,4,0,0,
2020. 11. 11 오후 5:18:43,0,0,0,2,1,1,,0,0,1,4,6,2,2,3,6,1,1,1,6,1,1,1,1.0,1,1,1,1,1,1,1,2,0,0,0,0,1,3,0,2,너무 즐겁고 마음이 몽ㄱ.ㄹ몽글해쟜어요
2020. 11. 11 오후 5:22:15,0,0,0,1,0,1,,0,1,3,3,2,1,1,3,0,1,1,1,1,1,1,2,3.0,1,3,2,3,2,2,2,5,0,0,0,0,1,5,0,1,
2020. 11. 11 오후 5:32:44,0,0,0,0,1,1,,0,1,1,3,0,0,3,3,0,0,6,5,2,5,5,5,,4,5,1,1,1,4,3,1,0,0,0,0,0,4,0,1,포 유미
2020. 11. 11 오후 5:54:36,1,0,0,0,1,1,,0,2,3,3,2,0,3,0,1,1,0,1,2,1,1,1,4.0,1,1,1,2,2,0,4,1,0,0,0,0,0,4,0,3,너무 좋았어용
2020. 11. 11 오후 5:57:14,0,0,0,0,0,1,,1,2,3,3,0,3,5,2,6,1,3,1,2,1,3,1,1.0,1,1,2,2,2,1,0,1,0,0,0,0,0,5,0,3,
